id,name,address,phone,mail,card_data
1,Heall Ruf,53 Moulton Hill,953-546-3866,hruf0@mediafire.com,5461098944993000
2,Waverly Mazzey,7788 Texas Point,559-323-4525,wmazzey1@bluehost.com,5471612214288277
3,Lombard Scimoni,21 Arizona Park,398-292-8701,lscimoni2@java.com,4905100821982354643
4,Gill Gianolo,30 Victoria Street,858-842-1866,ggianolo3@feedburner.com,4913770846631832
5,Gwendolin Gilby,98483 Porter Trail,183-975-7776,ggilby4@army.mil,6762465235659504558
6,Carolynn Garrit,6 Upham Lane,294-977-0081,cgarrit5@w3.org,3560435425180084
7,Faustine Glanton,3318 Scofield Alley,952-225-0410,fglanton6@fastcompany.com,5589849347228056
8,Terry Bice,90025 Lighthouse Bay Avenue,966-957-8713,tbice7@nyu.edu,560224962099043022
9,Morgen Blodgetts,25939 Dixon Drive,724-258-0932,mblodgetts8@ihg.com,201587411222600
10,Lilith Death,410 Susan Terrace,864-973-0100,ldeath9@rakuten.co.jp,633481249914568448
11,Jephthah Bridywater,3954 Express Crossing,415-342-1948,jbridywatera@ucoz.com,3543105453715208
12,Biddie Brockhouse,21 Bultman Avenue,728-909-5504,bbrockhouseb@blogs.com,5149382279733458
13,Demetrius Farnworth,6091 Reindahl Park,412-731-4551,dfarnworthc@taobao.com,4026998166706256
14,Lolita Lafflina,54535 Garrison Drive,139-948-6878,llafflinad@cpanel.net,3538680257529499
15,Timmy Collete,5 Warbler Place,670-381-6490,tcolletee@cafepress.com,3532145109312656
16,Kathrine Barmadier,337 Arkansas Road,677-459-4611,kbarmadierf@jimdo.com,201875180587133
17,Carina Smail,547 Russell Circle,494-891-6412,csmailg@slashdot.org,3529569478955933
18,Fidelia Tearle,4 Anhalt Avenue,702-970-0781,ftearleh@mtv.com,6379473982950577
19,Edgar Yallop,6 Dixon Avenue,604-973-0548,eyallopi@dedecms.com,5100131674637195
20,Krystalle Speeks,055 Jenifer Park,688-423-3003,kspeeksj@vistaprint.com,4806341264003589
21,Jacquie Devin,3706 Continental Road,367-978-5630,jdevink@addtoany.com,4041373932995
22,Sharla Panton,9808 Sherman Crossing,972-387-5635,spantonl@youku.com,349578913929605
23,Amalie Methingam,8508 Hanover Way,794-729-7428,amethingamm@mysql.com,5108756049337121
24,Ossie Borthwick,302 Almo Way,665-311-9690,oborthwickn@weibo.com,5596617275575173
25,Hazel Chaffe,537 Toban Alley,255-281-7015,hchaffeo@angelfire.com,3532550361137388
26,Carr Farfoot,89 Ridgeway Place,476-550-5638,cfarfootp@wikia.com,3528183040246838
27,Nissy Wringe,046 Mesta Place,451-950-1592,nwringeq@sakura.ne.jp,4017958676231
28,Ina Rennicks,37522 Mesta Pass,183-138-1485,irennicksr@jigsy.com,3581010765300884
29,Silva Snasel,8 Armistice Plaza,207-800-1709,ssnasels@flavors.me,3575654055419942
30,Eugen Ousley,4220 Almo Junction,716-958-8945,eousleyt@ehow.com,3532409494523297
31,Laughton Mioni,22 Golf Alley,898-838-5552,lmioniu@addthis.com,3574466007023628
32,Tabbie Bjorkan,56 Bultman Park,282-121-1444,tbjorkanv@nydailynews.com,4903656275890946201
33,Ches Canty,333 Ridgeview Street,925-881-8385,ccantyw@altervista.org,3563526961501464
34,Denys Dayes,3 Wayridge Place,658-793-0990,ddayesx@ustream.tv,5159280622401533
35,Marius Clench,394 Kingsford Alley,982-721-1808,mclenchy@delicious.com,5303163376995394
36,Sula Rosenbush,933 Northland Circle,441-889-7069,srosenbushz@hexun.com,374622706768974
37,Dougy Hatliff,815 Northridge Avenue,312-819-8303,dhatliff10@mediafire.com,3561147409873175
38,Bibby Stanyland,23 Arrowood Terrace,485-906-7828,bstanyland11@github.io,5595043773206537
39,Siward Eusden,1 Brown Avenue,108-224-4608,seusden12@csmonitor.com,5108752927908927
40,Ollie Metson,1767 Lunder Street,895-437-2080,ometson13@newyorker.com,4917923665272420
41,Zenia MacCafferky,1 Manitowish Circle,585-651-9438,zmaccafferky14@webeden.co.uk,5610869581186339057
42,Ki Earthfield,53232 Mcguire Hill,228-828-3355,kearthfield15@examiner.com,5108752084271572
43,Lyndy McCrachen,04 Holmberg Hill,453-787-3324,lmccrachen16@reuters.com,3576008142576900
44,Abdul MacDonnell,7 Amoth Trail,574-629-0423,amacdonnell17@networksolutions.com,201978358927212
45,Erich Tolle,79 Lakewood Point,476-686-2421,etolle18@t.co,3546763970514244
46,Iorgos Claige,212 Warrior Center,667-712-9801,iclaige19@oaic.gov.au,3569142445272518
47,Granger Venables,7 Dapin Point,988-123-6904,gvenables1a@furl.net,3587012913906475
48,Cymbre Ceaplen,1 Commercial Way,680-313-7766,cceaplen1b@domainmarket.com,30217592578649
49,Gris Klimp,89650 Hermina Park,988-458-5602,gklimp1c@exblog.jp,3544028940537705
50,Berkeley Lefever,4411 Fordem Place,266-386-3524,blefever1d@networkadvertising.org,560221369901373535
51,Ray Quant,98304 Miller Road,257-703-8119,rquant1e@shop-pro.jp,3537022402358121
52,Abbe Niese,704 Vermont Terrace,482-973-9000,aniese1f@prweb.com,3532567110145595
53,Boone Kirlin,35888 Acker Center,968-847-5301,bkirlin1g@ocn.ne.jp,30593091611440
54,Ervin Hutcheons,790 Mosinee Court,554-591-3232,ehutcheons1h@cnbc.com,3548924368812057
55,Mercy Gauson,7 Ryan Junction,456-184-2441,mgauson1i@upenn.edu,4041597986265500
56,Dalli Marklow,68 Elka Trail,147-662-2386,dmarklow1j@vimeo.com,3573119441295879
57,Patric Sherringham,54676 Kedzie Lane,659-916-8624,psherringham1k@amazon.co.jp,3563000193775114
58,Glenna Faireclough,18 Pawling Pass,519-841-3450,gfaireclough1l@dagondesign.com,3546895030668881
59,Roda Bruinsma,4 Clemons Terrace,319-204-9110,rbruinsma1m@1688.com,3528543346305861
60,Emmalyn Bathowe,7 Fallview Way,128-385-5624,ebathowe1n@moonfruit.com,63049319487692928
61,Emelita Trembath,7 Doe Crossing Park,500-844-4985,etrembath1o@soup.io,5307279821690996
62,Jess Balint,8491 Dwight Avenue,128-921-6868,jbalint1p@phpbb.com,3558319373979735
63,Jacquenette Dowthwaite,0 Steensland Trail,713-539-1987,jdowthwaite1q@gnu.org,3587930923662459
64,Norean Philipart,691 Magdeline Park,462-819-6031,nphilipart1r@yahoo.co.jp,3544748365713206
65,Dyana Mervyn,537 Crescent Oaks Alley,971-973-4971,dmervyn1s@artisteer.com,3529872815248107
66,Harris Child,89022 Holy Cross Street,823-706-4741,hchild1t@ebay.co.uk,3581062007964019
67,Aristotle Pasley,4319 Milwaukee Point,908-164-9178,apasley1u@constantcontact.com,5158897165460237
68,Bevon Bragginton,4 Talmadge Place,364-996-4449,bbragginton1v@cornell.edu,5048373665552190
69,Cliff Ivashev,18 Kropf Drive,997-731-1527,civashev1w@guardian.co.uk,3545384067824288
70,Leticia Burdett,6522 Bowman Trail,277-389-8615,lburdett1x@addtoany.com,3530092620579862
71,Farra Penhale,16266 Reinke Parkway,153-335-5576,fpenhale1y@xrea.com,371066490495373
72,Correna Hammor,9 Northland Park,937-827-0243,chammor1z@mapy.cz,5573578050863308
73,Clementine Road,6 Novick Street,733-444-8269,croad20@arstechnica.com,3568792575161112
74,Simmonds Dunkersley,66063 Orin Circle,651-257-0152,sdunkersley21@ning.com,4508635701601512
75,Holly Pleasance,335 Dwight Street,652-870-6215,hpleasance22@examiner.com,374288186867346
76,Iosep Ruffles,840 Autumn Leaf Alley,451-605-8572,iruffles23@example.com,3584309308008062
77,Elwyn Mowat,95560 Reindahl Junction,516-369-0456,emowat24@howstuffworks.com,6763008165233971
78,Neely St. Aubyn,80 Pepper Wood Junction,402-598-9145,nst25@behance.net,201820472085602
79,Ninnetta Dimitrijevic,5 Bobwhite Circle,186-631-9539,ndimitrijevic26@blogtalkradio.com,3567007115782629
80,Durant Rosenthal,590 Farmco Hill,627-525-7279,drosenthal27@cnet.com,3542167496535093
81,Hedy Lepoidevin,73100 John Wall Place,307-322-9799,hlepoidevin28@biblegateway.com,63046397603597687
82,Selene MacKomb,1633 Arapahoe Point,922-880-8654,smackomb29@va.gov,374622605540953
83,Bamby Willson,87 Melody Road,271-794-4037,bwillson2a@studiopress.com,4903694733383368
84,Drud Alenichicov,7824 Canary Plaza,922-765-3203,dalenichicov2b@artisteer.com,5602251785159864
85,Rance Clemens,82347 Nelson Circle,316-924-8741,rclemens2c@google.nl,5486825630034306
86,Willamina Staynes,82611 Stephen Lane,597-251-1934,wstaynes2d@jalbum.net,3540330236056331
87,Leonelle Worters,8639 American Trail,340-577-5387,lworters2e@facebook.com,3586895979419354
88,Blanche Bette,08449 Center Drive,109-454-9322,bbette2f@microsoft.com,5100178027356809
89,Karl Guilbert,1847 Sachs Lane,326-469-1222,kguilbert2g@netscape.com,3570417026846501
90,Averyl Growcock,96 Kinsman Crossing,373-538-7362,agrowcock2h@dell.com,5002359828775871
91,Stanislas Rosoman,9 Gerald Alley,956-424-1688,srosoman2i@twitter.com,3539902152617156
92,Ario Rawlings,1 Oak Valley Park,565-365-3751,arawlings2j@bluehost.com,5602253293769475123
93,Raine Bithell,745 Nova Point,478-440-2510,rbithell2k@latimes.com,561053874832128537
94,Gun Rude,181 Marcy Place,456-103-1582,grude2l@answers.com,3539696371954479
95,Link Lendon,65847 Carey Hill,766-539-5722,llendon2m@home.pl,201626710927418
96,Matty Tomasoni,38 Thackeray Crossing,552-949-6845,mtomasoni2n@miitbeian.gov.cn,3530878809891726
97,Rozanna Winship,01 Kensington Circle,407-744-1922,rwinship2o@privacy.gov.au,3539595255303466
98,Marthe Dickin,31067 Bonner Circle,901-763-1742,mdickin2p@eventbrite.com,3558220177748666
99,Salaidh Woodnutt,4884 Golden Leaf Alley,814-942-3853,swoodnutt2q@twitter.com,3587946503298753
100,Dido Watmore,5618 Merry Pass,290-225-7941,dwatmore2r@cnn.com,4041373572811515
101,Cross Woollons,021 Northridge Parkway,470-895-2675,cwoollons2s@mapy.cz,6763903806727276
102,Sharity Exeter,2224 Sage Way,895-842-9500,sexeter2t@angelfire.com,56103435558022733
103,Rosemonde Tunnah,5506 Orin Lane,282-853-6883,rtunnah2u@hp.com,3589157153212783
104,Harald Ceaser,4 Summit Avenue,311-336-8140,hceaser2v@blogspot.com,3566424066517121
105,Carola Persent,9001 Butternut Road,764-181-1293,cpersent2w@flavors.me,30306304968212
106,Jojo Cattellion,81 Red Cloud Circle,362-120-4180,jcattellion2x@vimeo.com,3558194497632480
107,Alica Bruckman,88 Cherokee Pass,926-743-7879,abruckman2y@harvard.edu,5100146216083922
108,Holly-anne Aikett,6123 Dakota Crossing,643-193-2928,haikett2z@ihg.com,3536691976414436
109,Barb Phippard,9240 Dahle Drive,622-438-8190,bphippard30@amazonaws.com,36021151895707
110,Torey Belden,7 Hansons Trail,651-749-2397,tbelden31@squidoo.com,3547334225634549
111,Fidel Leader,598 Karstens Lane,731-407-0607,fleader32@slate.com,3530644766735326
112,Wayland Cawthorn,04140 Forest Run Plaza,538-718-7124,wcawthorn33@salon.com,4175007261712364
113,Katheryn Phinn,6 Burning Wood Park,897-760-6133,kphinn34@dedecms.com,3569446798743177
114,Carce Benwell,6595 Summer Ridge Park,281-328-4369,cbenwell35@cam.ac.uk,3573274214297915
115,Tom MacCarroll,613 5th Hill,177-869-8594,tmaccarroll36@google.it,5100144493230803
116,Ann-marie Franke,0494 Manitowish Lane,947-546-4793,afranke37@soup.io,5100139109089387
117,Candy Bonney,48348 Shopko Terrace,293-680-3514,cbonney38@pinterest.com,3576055250764208
118,Padraig Burde,24508 Gale Hill,381-918-8282,pburde39@tripadvisor.com,63048573314394451
119,Leeanne Nasi,98 Continental Hill,911-469-4293,lnasi3a@yellowpages.com,3582307738823342
120,Chic Reder,022 West Lane,831-590-2084,creder3b@friendfeed.com,5107839016945257
121,Brockie Verralls,2941 Clyde Gallagher Lane,461-857-3059,bverralls3c@msn.com,5100140045825140
122,Carlota Trynor,285 Anzinger Circle,500-390-9861,ctrynor3d@networksolutions.com,5477759037524216
123,Jewel Feaviour,7025 Thierer Street,272-960-8371,jfeaviour3e@spotify.com,30187993272474
124,Jolynn O'Towey,730 Namekagon Alley,769-302-0787,jotowey3f@hibu.com,5602244022606102
125,Corbin De Luna,94 Arapahoe Park,687-534-1484,cde3g@bloglines.com,3530588701976562
126,Jens McLenaghan,69 Nelson Parkway,185-855-2120,jmclenaghan3h@loc.gov,3553718011443944
127,Manda Eshelby,066 Crowley Trail,486-528-1656,meshelby3i@simplemachines.org,6334004932333356878
128,Willy Butters,8942 Quincy Street,866-111-1733,wbutters3j@craigslist.org,5602257892904597
129,Janek Jindracek,76 Clemons Parkway,571-151-6262,jjindracek3k@businessinsider.com,4041592873954
130,Missy Howood,77 Clove Drive,799-845-7479,mhowood3l@mediafire.com,4903730593879051
131,Loralyn Corain,132 Superior Way,160-313-0051,lcorain3m@i2i.jp,677135384964670989
132,Giacomo Etchingham,9448 Monterey Road,142-402-9651,getchingham3n@imageshack.us,5048379351317822
133,Karrie Mamwell,8 Dovetail Terrace,975-139-7570,kmamwell3o@adobe.com,675907237927384645
134,Louisette Martt,5 Lakewood Lane,444-186-5577,lmartt3p@so-net.ne.jp,30133478323051
135,Laural Beaman,2 Carey Parkway,206-814-0713,lbeaman3q@ifeng.com,3532293327496701
136,Kathryn Bleiman,49965 Bellgrove Trail,846-336-3284,kbleiman3r@ihg.com,4936186464255148
137,Dalia Crockley,57669 Southridge Crossing,207-560-6790,dcrockley3s@prweb.com,3578403130975917
138,Ira Seear,924 Killdeer Crossing,273-842-4411,iseear3t@seattletimes.com,5602242012270533
139,Delaney Pala,65 Red Cloud Drive,548-177-6972,dpala3u@reuters.com,3533322919559557
140,Raddy Lodford,73302 Orin Pass,156-130-2837,rlodford3v@ovh.net,3544156684289090
141,Kyla Kimmons,09715 La Follette Plaza,550-745-9156,kkimmons3w@issuu.com,4405017017548279
142,Fenelia Balas,105 Anzinger Street,312-100-7093,fbalas3x@flavors.me,3547684706448771
143,Valerie Di Boldi,91 Gina Street,204-557-9756,vdi3y@un.org,4844262071995037
144,Maureene Pollitt,6722 Johnson Court,608-749-0259,mpollitt3z@ucoz.ru,3573183903310956
145,Godfrey Darbyshire,35718 Russell Avenue,360-588-7099,gdarbyshire40@naver.com,50188865641908319
146,Corenda Booth,20 Shelley Road,776-363-0118,cbooth41@umich.edu,201456346225882
147,Raymond Bonnell,24 Pond Pass,206-448-4854,rbonnell42@blogspot.com,5007667258529294
148,Sally Morrill,7 Hollow Ridge Place,538-235-7435,smorrill43@techcrunch.com,3539707580949455
149,Silvain Wardale,5 Lighthouse Bay Road,786-558-0930,swardale44@admin.ch,503805151611184319
150,Harris Gurley,35 Charing Cross Court,840-158-1886,hgurley45@weibo.com,3543248414891260
151,Cymbre Heintze,76 American Ash Parkway,779-754-6830,cheintze46@pagesperso-orange.fr,4917837626116197
152,Maximilianus Cunnow,7499 School Road,680-338-6286,mcunnow47@printfriendly.com,3567887513128834
153,Paolo Coldridge,17 Autumn Leaf Park,460-374-1678,pcoldridge48@mapquest.com,3556886700277282
154,Darline Barabich,28199 Cherokee Avenue,736-204-3008,dbarabich49@ow.ly,6759727345065820124
155,Fred Ramey,391 Melrose Junction,791-390-7840,framey4a@time.com,3560967082093127
156,Jamal Benallack,1 Karstens Way,277-133-3981,jbenallack4b@msu.edu,5010121779000281
157,Gabriele Nassau,4 Springs Trail,648-811-5880,gnassau4c@guardian.co.uk,337941808564198
158,Cori Aleksich,9 Cascade Drive,776-292-2387,caleksich4d@craigslist.org,6761706785666931872
159,Eustace Matushevich,87862 Aberg Place,449-727-3160,ematushevich4e@surveymonkey.com,372301214471411
160,Ignatius Knighton,13 Morningstar Plaza,796-552-5427,iknighton4f@chronoengine.com,30058829711037
161,Gerrie Rosenblum,310 Laurel Court,106-928-7488,grosenblum4g@seattletimes.com,5100135609457355
162,Hilarius Sturgeon,0 Lake View Parkway,709-776-8571,hsturgeon4h@dell.com,4026635772765322
163,Kathie Nelius,8065 Hansons Junction,173-654-1051,knelius4i@networksolutions.com,5641821654044950423
164,Carlie Cannicott,7138 Blue Bill Park Court,967-810-6722,ccannicott4j@multiply.com,3588803159802405
165,Marje Fulleylove,892 Mockingbird Court,903-558-9079,mfulleylove4k@typepad.com,4913572381171293
166,Nolana Lithgow,85218 Karstens Plaza,688-833-5550,nlithgow4l@cam.ac.uk,348464977502250
167,Cornell Freeman,7 Glacier Hill Drive,359-307-2810,cfreeman4m@hao123.com,5602255476663258
168,Ibrahim Crammy,703 East Plaza,216-138-1786,icrammy4n@hc360.com,3577818501285300
169,Mahmud Buzzing,3 Linden Point,814-762-7550,mbuzzing4o@gnu.org,56022197704374586
170,Mordy Brasse,1870 Gerald Center,662-231-6899,mbrasse4p@redcross.org,3545306741363706
171,Theo Kenway,42145 Gale Junction,798-255-5705,tkenway4q@sakura.ne.jp,3576161311169575
172,Agnes Croad,04 Anthes Trail,767-208-9289,acroad4r@admin.ch,5007663621764197
173,Tamma Barendtsen,46624 Dovetail Circle,725-842-8693,tbarendtsen4s@dailymail.co.uk,675903911811266936
174,Madelena Pedwell,887 Stoughton Junction,425-711-3115,mpedwell4t@cnet.com,5602224097583521236
175,Ravi Lamasna,246 Lyons Drive,519-825-9185,rlamasna4u@shop-pro.jp,6706837011369729670
176,Ricard Johnigan,88 Fairview Trail,596-702-9428,rjohnigan4v@homestead.com,3532978940453572
177,Palmer Humberston,5 Golf Course Lane,291-974-1402,phumberston4w@canalblog.com,3579042422692753
178,Morgen Streatfeild,06 Pankratz Drive,446-137-2654,mstreatfeild4x@yale.edu,4017951119247
179,Sonnie Nelthropp,0313 Westerfield Junction,636-969-4839,snelthropp4y@ask.com,201478723159211
180,Elaine Payze,0734 Mallory Point,832-443-4022,epayze4z@state.tx.us,3554568409277423
181,Goldarina Whiff,77 Little Fleur Avenue,538-172-2830,gwhiff50@examiner.com,201710686295313
182,Jacquelin Ife,0726 Everett Point,672-971-9918,jife51@goo.gl,63041560555838152
183,Reeta Landon,014 Loftsgordon Pass,830-660-1429,rlandon52@cisco.com,4917179461283695
184,Lisette Angood,20135 Farmco Park,354-346-6492,langood53@umich.edu,4859641416094436
185,Daisey Bernardini,9 Rutledge Park,508-504-0739,dbernardini54@youku.com,3580379094210630
186,Camilla Iacovucci,3862 Arapahoe Park,202-885-5828,ciacovucci55@sphinn.com,5010126904649365
187,Lucina Roon,18 Sutteridge Pass,384-184-9827,lroon56@rakuten.co.jp,3531979548472478
188,Allister Orable,0874 Marquette Terrace,698-902-0674,aorable57@sohu.com,3533260185052156
189,Graham Le Gallo,00263 Grim Center,373-545-5282,gle58@ovh.net,3576152527129628
190,Ange Bartzen,6 Eliot Park,851-418-5277,abartzen59@kickstarter.com,67613910061560684
191,Augustine Murrells,33 Clarendon Avenue,158-277-7832,amurrells5a@paypal.com,3566074944008106
192,Daron Farrent,4986 Namekagon Place,422-730-6271,dfarrent5b@chronoengine.com,30123957223534
193,Colan Exer,906 Eastlawn Plaza,858-176-4963,cexer5c@cpanel.net,4913336158891628
194,Opalina Mattes,223 Nelson Trail,890-371-9080,omattes5d@networksolutions.com,3556359876013642
195,Kirsten Climance,8227 Leroy Drive,128-691-7047,kclimance5e@unc.edu,6375804475935143
196,Cullie Fardon,98 Tennessee Avenue,358-758-5975,cfardon5f@businessweek.com,5602235029511028254
197,Monti Wooffinden,9414 Fulton Drive,641-871-5433,mwooffinden5g@istockphoto.com,5602224262035386
198,Renaud Witcher,91 Dexter Terrace,757-602-7928,rwitcher5h@ebay.com,3567143406168606
199,Chantal Billes,046 Mitchell Plaza,194-585-0821,cbilles5i@spiegel.de,5610760717866883
200,Frannie Fentem,7 Drewry Avenue,978-250-6804,ffentem5j@weibo.com,3574520460128504
201,Aubrette Waslin,433 Donald Drive,233-268-3259,awaslin5k@cnbc.com,3585420245767527
202,Shaylyn Thow,273 Mccormick Hill,381-437-2872,sthow5l@sciencedaily.com,3562031020564182
203,Colin Bohey,7 Jenifer Junction,324-345-7247,cbohey5m@yolasite.com,3549050898379414
204,Karon Andrew,6 Dennis Way,576-731-2651,kandrew5n@imgur.com,201501058465125
205,Lilla Accum,32 Cherokee Pass,449-408-4057,laccum5o@salon.com,3528905238377896
206,Maire Roglieri,373 Sunnyside Alley,268-864-8482,mroglieri5p@ibm.com,4905698348786347530
207,Gertrudis Connue,19153 Aberg Parkway,725-621-5833,gconnue5q@state.tx.us,3528057106801381
208,Muriel Cornels,4 Pine View Circle,444-711-7141,mcornels5r@hubpages.com,30432135970456
209,Rena Josefsen,92 Vermont Way,158-616-7471,rjosefsen5s@ycombinator.com,3562616596220969
210,Iormina McOwen,46639 Schmedeman Way,892-695-5887,imcowen5t@digg.com,5100147679910379
211,Cayla Camelin,2 Loftsgordon Avenue,376-839-0452,ccamelin5u@rakuten.co.jp,3567449857865016
212,Perkin Postle,9436 Longview Road,490-740-4639,ppostle5v@yahoo.com,5229495008072171
213,Jameson Murt,93288 Eagle Crest Circle,397-240-0241,jmurt5w@usa.gov,3576329964152053
214,Kelly Jodlowski,57 Oakridge Plaza,809-242-5600,kjodlowski5x@apache.org,4175004192203290
215,Corissa Tewnion,75 Amoth Terrace,486-506-2073,ctewnion5y@nasa.gov,3554941486176190
216,Olive Norwell,59 Esch Lane,643-837-8194,onorwell5z@geocities.com,67713685973162519
217,Paula Penticoot,8 Pearson Avenue,877-473-9321,ppenticoot60@behance.net,3545566112897778
218,Doreen Ferrarello,71 John Wall Drive,566-896-4541,dferrarello61@webmd.com,3579014129166498
219,Leigh Makey,135 7th Point,646-987-1203,lmakey62@elegantthemes.com,3528840986214787
220,Harwilll Bortolomei,65 Marcy Parkway,866-961-1964,hbortolomei63@slate.com,3529735682675118
221,Karly Sutworth,1 Merry Place,456-964-8021,ksutworth64@networksolutions.com,5641822231718637252
222,Mavis McLoney,16 Rowland Park,714-732-5073,mmcloney65@gov.uk,3569654465893684
223,Trixy Stenning,92 Esch Point,954-860-9708,tstenning66@dion.ne.jp,4026682022469768
224,Nadiya Gherardi,0 Del Mar Crossing,935-964-8081,ngherardi67@lycos.com,6383967971049204
225,Hilly Crosskell,321 Pankratz Pass,443-966-0752,hcrosskell68@uol.com.br,5368706299882388
226,Drucy Casterot,0 Wayridge Place,304-363-4361,dcasterot69@blog.com,493629304451428548
227,Will Costall,8904 Paget Trail,978-315-6017,wcostall6a@theglobeandmail.com,30574172641647
228,Denny MacAne,881 Union Road,336-719-4686,dmacane6b@thetimes.co.uk,4041593493350570
229,Seymour Kowalski,31 3rd Alley,172-835-7950,skowalski6c@dot.gov,3585209518759174
230,Christophorus Labram,7815 Sundown Pass,401-201-5203,clabram6d@about.com,3530589227626442
231,Sheryl Absolon,493 Morning Avenue,291-570-6714,sabsolon6e@reference.com,30438945696520
232,Eula Watson-Brown,0843 Johnson Drive,208-337-2692,ewatsonbrown6f@sun.com,633450851543507304
233,Petronilla Atkin,7695 Esch Alley,138-310-0353,patkin6g@oaic.gov.au,3565745916164594
234,Terza Waterland,33940 Carey Avenue,888-462-9025,twaterland6h@deviantart.com,3562285001587717
235,Hestia Sheircliffe,7 Muir Circle,631-663-6420,hsheircliffe6i@ameblo.jp,3588766486357346
236,Elfrieda Guard,74334 Corscot Avenue,900-241-9480,eguard6j@nydailynews.com,493681697902480686
237,Adrienne Abram,8867 Jay Park,372-742-8297,aabram6k@yahoo.com,560225100901806067
238,Claudius Shawell,919 Gulseth Street,372-866-3873,cshawell6l@archive.org,5321602802342422
239,Beryl Stanlock,0875 Helena Circle,651-369-0172,bstanlock6m@mail.ru,3573608017152597
240,Giorgia Cestard,847 Crowley Terrace,623-253-3090,gcestard6n@vkontakte.ru,3547439895250193
241,Yasmin Couldwell,1002 Stone Corner Point,107-784-2364,ycouldwell6o@360.cn,6383627020540427
242,Amabelle Coules,5 Spenser Trail,170-307-4075,acoules6p@tripod.com,3578811917156172
243,Germana Lammers,11538 Village Green Circle,689-285-2926,glammers6q@sohu.com,5602246032620387
244,Faustine Ould,6093 Petterle Center,577-507-8403,fould6r@latimes.com,5100144051095523
245,Arly Twelvetrees,004 Londonderry Road,998-288-0861,atwelvetrees6s@auda.org.au,3551871481225838
246,Mechelle Chafer,5 Rusk Pass,930-620-4724,mchafer6t@histats.com,6767720167293367
247,Killian Delia,68 Ilene Pass,616-664-2895,kdelia6u@cmu.edu,3589662073354136
248,Irvin Pidwell,9 Blackbird Crossing,921-155-6418,ipidwell6v@netscape.com,30070858935262
249,Joe Phinnis,737 Blue Bill Park Alley,948-344-7944,jphinnis6w@ucoz.com,3579511900710063
250,Tyne McDougall,17349 Tony Street,828-496-7343,tmcdougall6x@yale.edu,5602219274988861
251,Jolyn Dorber,63 Graedel Circle,575-493-6555,jdorber6y@howstuffworks.com,5548704131109956
252,Taddeusz Pappin,52689 Everett Park,506-272-5736,tpappin6z@example.com,5100147373916755
253,Edmon Heinsius,9611 Eagle Crest Pass,865-234-1892,eheinsius70@cdbaby.com,201863682161367
254,Elsworth Maffezzoli,4 Norway Maple Avenue,215-282-7775,emaffezzoli71@chicagotribune.com,3568751729250429
255,Padraig Kybird,107 Eggendart Park,455-222-6333,pkybird72@ibm.com,3530310911919526
256,Francoise Koppel,735 Merchant Way,398-837-1474,fkoppel73@upenn.edu,30265228455872
257,Brigg Jayume,35806 Union Lane,746-674-3756,bjayume74@accuweather.com,493603463629777531
258,Delano Petley,10 Iowa Trail,396-255-5053,dpetley75@slate.com,5602210458139280
259,Maureene Senussi,15282 Ronald Regan Point,159-954-9665,msenussi76@diigo.com,337941601137606
260,Elnora Hazelby,493 Fairview Street,215-328-1412,ehazelby77@dailymotion.com,3574461701024774
261,Frans Athow,413 South Plaza,772-216-4915,fathow78@umich.edu,4041597996887814
262,Euphemia Reggiani,07729 Debs Court,590-308-8483,ereggiani79@icq.com,5460348359389496
263,Nadine Whelan,985 Bultman Junction,653-917-5501,nwhelan7a@flickr.com,5602251914783299718
264,Charlene Ayrton,82 Bunting Crossing,297-109-6937,cayrton7b@icio.us,4017951153337
265,Shae Addinall,8 Veith Terrace,693-331-9108,saddinall7c@histats.com,3571715725695908
266,Karlotta O'Dyvoie,56 Dennis Terrace,940-778-2715,kodyvoie7d@slate.com,6334067920585836
267,Edsel Pickless,01864 Delaware Drive,689-141-7422,epickless7e@wisc.edu,5602239373115885
268,Luther Garham,6423 Blaine Hill,889-192-5437,lgarham7f@thetimes.co.uk,4405150841823939
269,Garik Heazel,3 Arizona Terrace,577-381-0695,gheazel7g@wix.com,67624735419936774
270,Elissa Wyett,68237 Moland Trail,405-111-6842,ewyett7h@list-manage.com,347364541687432
271,Tom Klink,89628 Duke Parkway,172-459-4495,tklink7i@webs.com,337941108747089
272,Wilona McClean,629 Stoughton Lane,193-877-7425,wmcclean7j@shutterfly.com,4405946847994743
273,Darin Greson,4 Killdeer Circle,555-326-3702,dgreson7k@de.vu,5112132287264191
274,Jude Rhodus,271 Redwing Road,432-862-2565,jrhodus7l@arstechnica.com,3558974625845876
275,Florinda Leibold,61 Fisk Road,967-999-3024,fleibold7m@sun.com,4844806375564137
276,Marty McFie,11345 Annamark Center,442-337-1858,mmcfie7n@fema.gov,4508301211028569
277,Rozalie Londer,19 Vermont Circle,764-563-9438,rlonder7o@xinhuanet.com,3555992126541946
278,Ola Hayer,5192 Clove Pass,789-426-0759,ohayer7p@tuttocitta.it,5007663062588675
279,Clari Adamovicz,264 Kingsford Circle,576-363-3185,cadamovicz7q@live.com,3530806011791418
280,Ardis Bourthouloume,025 Butterfield Parkway,323-384-3629,abourthouloume7r@soundcloud.com,4936401693989403
281,Stavros Franchyonok,2 Emmet Alley,962-974-5068,sfranchyonok7s@baidu.com,3532325743176036
282,Eamon Ellen,5118 Tennyson Park,626-725-0980,eellen7t@sina.com.cn,3528042328131551
283,Hoebart Caen,46 Crowley Junction,125-186-9558,hcaen7u@networksolutions.com,342390172032197
284,James Ramsdell,86236 Little Fleur Alley,762-411-7562,jramsdell7v@vimeo.com,3542183385668705
285,Karoly Gaddas,2 Scoville Point,668-944-6911,kgaddas7w@studiopress.com,6706766249288366
286,Emelia Barcroft,0063 Anhalt Pass,255-408-6198,ebarcroft7x@upenn.edu,3571439835600605
287,Gordan Henriquet,80 Maple Alley,429-499-2174,ghenriquet7y@ning.com,5602221434398974081
288,Neda Wych,6805 Vermont Road,704-979-0811,nwych7z@parallels.com,3543711242414878
289,Kati Del Checolo,31968 Sloan Road,218-754-0251,kdel80@google.com.au,4041590108080
290,Pierre Woodley,0563 Coolidge Place,863-931-1551,pwoodley81@blogger.com,5048371310409568
291,Fidela Saunton,73 Merchant Alley,260-770-2608,fsaunton82@eventbrite.com,4911614082959993429
292,Lenka Paradise,317 Lindbergh Street,110-174-9328,lparadise83@biblegateway.com,6304486212823646
293,Stanly Cheshir,23623 Oak Valley Street,139-572-7857,scheshir84@xinhuanet.com,6763322004329840789
294,Aile Merrill,582 Sutherland Park,937-244-4981,amerrill85@unblog.fr,3589615709960619
295,Andres Delgardo,64743 Dakota Hill,480-174-3718,adelgardo86@xing.com,3561054460288220
296,Torr Lamba,1 Dahle Trail,136-693-0508,tlamba87@earthlink.net,4026062470688419
297,Loretta Andrichak,411 Elmside Point,391-658-9319,landrichak88@nyu.edu,30276008393977
298,Frasco Brettelle,602 Green Ridge Trail,761-864-8957,fbrettelle89@mysql.com,560224618085824177
299,Germain Dobel,80221 Farmco Alley,615-420-0069,gdobel8a@un.org,3534134872615220
300,Marya Pinsent,01 Iowa Place,408-665-8659,mpinsent8b@tripod.com,4041208797488154
301,Wilona Castledine,903 Veith Lane,613-631-1147,wcastledine8c@jimdo.com,5256511513374252
302,Roy Figgen,47493 Sachs Junction,445-580-2705,rfiggen8d@nationalgeographic.com,3539958951656878
303,Jennifer Caverhill,6 Moose Point,743-209-7045,jcaverhill8e@feedburner.com,6304156309045237614
304,Georgetta Tosney,2 Chinook Road,589-346-2410,gtosney8f@miibeian.gov.cn,3585435421631545
305,Fransisco Coughtrey,1 Merchant Park,140-722-6894,fcoughtrey8g@ehow.com,5002351677694030
306,Eleonora Fierman,6 Trailsway Lane,218-975-4111,efierman8h@howstuffworks.com,3567588057461215
307,Gracie Martinovic,0 Hoard Alley,689-313-0705,gmartinovic8i@statcounter.com,4041598803829346
308,Aloysia Exeter,327 Carpenter Circle,321-840-5662,aexeter8j@ameblo.jp,5602250837162835839
309,Chancey Try,0197 Artisan Point,813-506-7354,ctry8k@shop-pro.jp,630464838591145384
310,Mufinella Grigorushkin,89726 Forest Run Terrace,652-515-5932,mgrigorushkin8l@sourceforge.net,3579989263520776
311,Fidelio Scardifield,53 Glacier Hill Road,882-994-8161,fscardifield8m@go.com,5602227481659720
312,Remus Baume,99214 Lindbergh Circle,344-933-8320,rbaume8n@ox.ac.uk,3535740676493116
313,Harrietta Gianettini,38 Lakeland Center,504-801-3203,hgianettini8o@blogger.com,3582426817822619
314,Ari todor,1826 Leroy Pass,720-415-5237,atodor8p@bandcamp.com,5602233192358362
315,Sherline Lozano,286 Fuller Park,462-705-0549,slozano8q@ca.gov,3580248641958886
316,Eziechiele Radleigh,47 Bultman Hill,139-123-9920,eradleigh8r@yahoo.co.jp,3569142032315670
317,Solomon Craker,4149 Kensington Center,392-453-5464,scraker8s@google.cn,3562232426774587
318,Jody Cossem,3 Village Green Drive,488-853-9191,jcossem8t@house.gov,3563079381089066
319,Hamlin Mosley,915 Sunnyside Terrace,494-963-0544,hmosley8u@google.it,30185078495531
320,Granny Heugel,34424 Roxbury Court,964-524-8353,gheugel8v@va.gov,6706041698486204
321,Arlene Linskey,258 Monument Terrace,899-255-0883,alinskey8w@intel.com,5048370118686583
322,Hirsch Gross,7811 Kenwood Hill,931-553-8127,hgross8x@uol.com.br,4424596623429252
323,Flo Naptin,580 Golf View Alley,468-983-7293,fnaptin8y@gmpg.org,3542199301559521
324,Manfred Pawley,3662 Oriole Hill,524-206-2824,mpawley8z@theatlantic.com,3552716388125558
325,Gunther Cuningham,05 Hoard Point,881-452-8998,gcuningham90@vistaprint.com,3535963156360163
326,Christa Raoult,824 Shasta Alley,108-278-0372,craoult91@github.io,374288804029253
327,Ellery Curlis,90920 Scoville Park,133-903-8675,ecurlis92@google.com.hk,677179190056874307
328,Freddi Schimek,4201 Riverside Junction,495-220-0250,fschimek93@yellowbook.com,5108756921300791
329,Laney Whitwell,1715 Steensland Way,415-444-4012,lwhitwell94@godaddy.com,3588946184920740
330,Aluin Clardge,38672 Springview Pass,402-431-5095,aclardge95@samsung.com,3568317372757001
331,Goddart Brosnan,415 Almo Terrace,264-964-1436,gbrosnan96@weebly.com,3588786774414435
332,Charmion Hannaby,7 Oneill Terrace,716-439-4774,channaby97@ovh.net,5007669508821588
333,Christean Kochl,0 Sutteridge Crossing,952-276-6585,ckochl98@reuters.com,56022554331334195
334,Bryce Hilbourne,8851 Packers Lane,442-751-5151,bhilbourne99@delicious.com,3540516650348077
335,Tore Rallinshaw,66964 Shoshone Alley,626-151-9960,trallinshaw9a@g.co,0604187913513631
336,Caitrin Beynke,525 Bonner Junction,257-614-7150,cbeynke9b@hud.gov,201545111047305
337,Layton Meritt,4853 Birchwood Hill,364-124-0796,lmeritt9c@miibeian.gov.cn,060456319813313779
338,Derk Dumini,356 Bultman Crossing,242-890-1343,ddumini9d@shutterfly.com,3565531593638955
339,Brennan Harrowing,84 Dakota Trail,217-611-4461,bharrowing9e@vk.com,67616436272902553
340,Edythe Kellog,7 Mosinee Pass,515-864-8249,ekellog9f@independent.co.uk,3549250970972991
341,Adoree Guille,84 American Ash Parkway,704-229-4282,aguille9g@google.ca,5506945580599987
342,Edgar Silmon,2046 Fallview Pass,102-382-1668,esilmon9h@mapquest.com,30204903201798
343,Oralia Curmi,069 Delaware Pass,228-310-2531,ocurmi9i@sohu.com,3559639935812465
344,Alane Licas,4 Briar Crest Drive,154-178-5151,alicas9j@e-recht24.de,6379521355508669
345,Ramon Beardsall,7 Claremont Hill,494-211-4470,rbeardsall9k@microsoft.com,3548943820062424
346,Fina Diack,9 Susan Way,917-135-0097,fdiack9l@sina.com.cn,6767722157360984317
347,Nil Filler,0519 Calypso Court,290-512-7726,nfiller9m@youtu.be,30228353544365
348,Lorry Saltern,5 Melby Point,704-877-6390,lsaltern9n@amazonaws.com,3533680545993270
349,Maud Lazell,92 Porter Road,791-147-5343,mlazell9o@studiopress.com,5582275873016987
350,Rolland Sibborn,8 Brown Hill,680-674-0482,rsibborn9p@si.edu,58931140805763170
351,Ola Pothbury,51 Emmet Lane,982-758-8978,opothbury9q@lycos.com,3559794449178695
352,Kellsie Rickcord,0 Dovetail Parkway,517-279-7282,krickcord9r@usa.gov,3549196486714254
353,Ives Mordanti,11 Superior Trail,180-911-8401,imordanti9s@myspace.com,5602228325425575
354,Donia Chesman,239 Mockingbird Lane,268-918-1915,dchesman9t@uiuc.edu,3536307374024764
355,Jacqui Mc Corley,0 Vahlen Way,251-348-0989,jmc9u@theglobeandmail.com,30301169358054
356,Clifford Billitteri,20296 Goodland Way,741-283-3832,cbillitteri9v@yellowpages.com,3531863467210111
357,Mufi Sutton,087 Heath Terrace,148-378-2017,msutton9w@umn.edu,5602254292516287
358,Sidonnie Triggel,2 Golden Leaf Drive,229-850-6207,striggel9x@freewebs.com,3587118026637244
359,Beniamino Lunbech,207 Golf View Lane,488-616-5953,blunbech9y@dot.gov,5020961361553108
360,Shaine Carbert,9873 Green Ridge Center,360-255-4218,scarbert9z@miitbeian.gov.cn,5448266280166113
361,Chloris Keer,06757 Muir Junction,368-827-4748,ckeera0@yahoo.co.jp,30083671983732
362,Cathie Haddleton,4193 Brickson Park Point,112-838-7409,chaddletona1@merriam-webster.com,560225983061145917
363,Lissy Getty,9 Buell Lane,515-302-7043,lgettya2@discuz.net,3569649441651628
364,Sheena Darrel,42993 Rusk Place,273-379-2603,sdarrela3@howstuffworks.com,5602227531329928
365,Kimberlee Standley,954 Starling Place,568-835-8735,kstandleya4@rakuten.co.jp,3546686890447668
366,Jennine Reilly,70127 Waywood Crossing,848-855-4958,jreillya5@pinterest.com,6398910832090663
367,Deidre Smitherham,8507 Nobel Court,278-802-9834,dsmitherhama6@berkeley.edu,201973259006992
368,Myrta Tordiffe,41191 Bashford Drive,960-407-8864,mtordiffea7@google.co.uk,374288458311965
369,Kameko Mc Kellen,53780 Westend Alley,392-234-3498,kmca8@people.com.cn,6304788157379835
370,Madella Acres,5830 Bayside Parkway,649-237-9535,macresa9@elegantthemes.com,5422357174715063
371,Maisey Favell,3 Vernon Alley,809-634-6114,mfavellaa@free.fr,3546957534173352
372,Valaree Pressdee,94452 Anthes Junction,168-716-7385,vpressdeeab@skype.com,337941354351610
373,Toby Batchelar,35 Kenwood Crossing,128-792-2885,tbatchelarac@reference.com,3565060313983079
374,Mozelle Farrears,21457 Crownhardt Road,982-265-8290,mfarrearsad@yandex.ru,6331101472892820814
375,Any O'Monahan,48329 Stang Junction,347-793-4280,aomonahanae@ed.gov,3576165591451256
376,Paige Brendel,4466 Duke Park,689-223-8044,pbrendelaf@a8.net,6333746838337279385
377,Yurik Musprat,6760 Clemons Hill,957-872-8967,ymuspratag@virginia.edu,5186422471401779
378,Amelia Ivashev,3 Susan Junction,902-475-8045,aivashevah@people.com.cn,201770766270479
379,Dale Grzegorczyk,47 Summit Alley,979-596-9208,dgrzegorczykai@cnn.com,4844330825199477
380,Silvia Doale,97 Porter Crossing,277-986-0421,sdoaleaj@dot.gov,3533857043201634
381,Kevina Seldon,886 Sunfield Alley,891-348-7867,kseldonak@desdev.cn,4911674894836693833
382,Saxe Franca,6 Grayhawk Circle,984-677-7623,sfrancaal@webmd.com,30459995411586
383,Leyla Tomas,7391 Starling Alley,859-995-1668,ltomasam@geocities.jp,56022552107149532
384,Carolee Spring,3 Spaight Alley,284-727-4494,cspringan@nba.com,5212822807138276
385,Ruby Heckney,648 Troy Parkway,318-502-8731,rheckneyao@photobucket.com,3570317733603098
386,Luce Bissell,747 Lakeland Trail,285-634-2010,lbissellap@privacy.gov.au,5610582628527119627
387,Northrop Bedward,855 Lighthouse Bay Court,171-401-4500,nbedwardaq@bing.com,3568888840412403
388,Axel Bentham,434 Elgar Crossing,268-683-2192,abenthamar@nih.gov,30216233968623
389,Leon Elcoux,0 3rd Terrace,117-497-2345,lelcouxas@behance.net,5893601854009093
390,Bendite Death,52649 Bay Lane,829-687-2935,bdeathat@ustream.tv,3585530754109083
391,Gannon Pentlow,21325 Tennessee Avenue,526-449-1922,gpentlowau@163.com,3584174545182447
392,Marlon Gerram,21 New Castle Drive,786-185-5565,mgerramav@icio.us,3585804404150288
393,Rory Cotman,1 Green Ridge Court,365-156-6621,rcotmanaw@typepad.com,3561830473643372
394,Dannye Hoggin,56069 Pond Avenue,415-447-6885,dhogginax@barnesandnoble.com,3536984696348087
395,Yance Morrice,1 Miller Drive,212-892-8127,ymorriceay@nifty.com,491167111132039947
396,Hyacinth Hedaux,38 Bunting Street,357-612-0077,hhedauxaz@netscape.com,63041588975502116
397,Carine Burdass,9381 Browning Lane,610-977-4031,cburdassb0@angelfire.com,3549148523516622
398,Olag Leimster,50904 Victoria Park,702-305-4406,oleimsterb1@slashdot.org,3577443685312331
399,Virginia Bolino,09 Beilfuss Alley,706-815-8289,vbolinob2@samsung.com,4508374567406127
400,Gaby Ellerman,94 Charing Cross Court,993-357-3362,gellermanb3@yahoo.com,30394475890589
401,Araldo Oliveto,276 Northview Way,690-521-1511,aolivetob4@google.cn,3578765862968785
402,Caterina Towersey,8639 Hayes Lane,380-679-8103,ctowerseyb5@twitpic.com,5602243277289184
403,Todd Fusedale,469 Darwin Way,689-313-7024,tfusedaleb6@census.gov,3534878690221419
404,Earle O'Downe,18 Starling Court,162-594-4826,eodowneb7@oakley.com,348854590604212
405,Dniren Oddboy,361 Rusk Crossing,396-472-8140,doddboyb8@pagesperso-orange.fr,3536810204412877
406,Liva Samworth,7 Center Park,267-921-3092,lsamworthb9@blogger.com,5002354738749983
407,Andrei Caughtry,14185 Chive Point,207-335-5919,acaughtryba@addthis.com,3569801502204652
408,Benita Texton,2974 Chinook Plaza,855-678-5242,btextonbb@delicious.com,3538816704962012
409,Ellene Leaves,587 Mayer Hill,367-882-1526,eleavesbc@wix.com,36516994073123
410,Davin Berzin,053 Dayton Hill,239-590-1949,dberzinbd@google.pl,5641826711802587493
411,Krishnah Gorvin,6103 Cordelia Court,224-710-8639,kgorvinbe@va.gov,3571318456565752
412,Penrod Adran,9505 Walton Court,167-884-8155,padranbf@diigo.com,5481314134615378
413,Olympe Carrabot,34 Cherokee Place,908-597-0397,ocarrabotbg@stanford.edu,3576326497195971
414,Christine Kenningham,5751 Anhalt Trail,489-538-0892,ckenninghambh@xrea.com,3563588791458836
415,Nevins Browett,6362 Hagan Road,134-806-8055,nbrowettbi@moonfruit.com,5146250719643780
416,Marne Raubenheim,7753 Florence Lane,709-330-1689,mraubenheimbj@cdc.gov,56022420674137381
417,Smith Jahnisch,34 Shasta Pass,434-764-5106,sjahnischbk@illinois.edu,3551782823525290
418,Evvy Phare,62 Amoth Place,318-899-1821,epharebl@miibeian.gov.cn,3528979412228944
419,Bronnie Shearman,33452 Hooker Junction,871-131-9805,bshearmanbm@so-net.ne.jp,3579066563498852
420,Boy Eveling,322 Mccormick Parkway,451-279-2379,bevelingbn@cdc.gov,50183860974151061
421,James Skeleton,49575 6th Avenue,680-657-4775,jskeletonbo@reuters.com,3581096125529528
422,Rubia Elijah,1 Bonner Junction,707-905-4990,relijahbp@chronoengine.com,3587979467595625
423,Brittani Goranov,888 Linden Drive,887-149-1861,bgoranovbq@psu.edu,3534596136153034
424,Ray Carbery,7874 Stephen Hill,652-854-7272,rcarberybr@nps.gov,5100143324323720
425,Antoni Allridge,8323 Lerdahl Lane,829-602-0645,aallridgebs@ycombinator.com,4911237105008559
426,Consolata Edmed,07 Iowa Court,596-327-3856,cedmedbt@sphinn.com,5602218380035344
427,Daven Kurten,7995 Basil Court,690-534-5856,dkurtenbu@is.gd,3586605340281460
428,Jenni McQuaker,8 South Road,419-967-6377,jmcquakerbv@reuters.com,3564455983525351
429,Barnie Sears,688 Becker Hill,671-427-5749,bsearsbw@gravatar.com,5893168892291103936
430,Flore Mackelworth,345 Myrtle Avenue,968-400-1433,fmackelworthbx@bigcartel.com,3531348714827347
431,Cherlyn Aleksashin,490 Superior Alley,369-273-3477,caleksashinby@shareasale.com,4905909204776373009
432,Thaddeus Kalb,0 Straubel Alley,620-271-4278,tkalbbz@epa.gov,343193621269405
433,Dougy Vasilkov,55829 Namekagon Place,849-290-1643,dvasilkovc0@naver.com,4917258353432766
434,Traver Cotilard,232 Sunnyside Plaza,150-187-2499,tcotilardc1@spotify.com,6759889262737560695
435,Shamus Lempenny,699 Nancy Road,715-524-3222,slempennyc2@youtube.com,5002357716400495
436,Tori Beche,910 Upham Terrace,178-822-5469,tbechec3@gmpg.org,50208434371419645
437,Ericka Avent,52908 Judy Alley,388-152-9783,eaventc4@reddit.com,4347578905008107
438,Malorie Smallcomb,80228 Darwin Avenue,860-680-3793,msmallcombc5@ycombinator.com,201734491312162
439,Desmond Tysall,191 Shopko Street,825-750-1629,dtysallc6@guardian.co.uk,3572104859982243
440,Arley Peiro,0498 Express Terrace,342-875-9829,apeiroc7@bbc.co.uk,3551950883164769
441,Kerianne Callard,9123 Schlimgen Street,791-701-3837,kcallardc8@mashable.com,560222889760842394
442,Hi Busek,9230 Becker Crossing,901-359-9287,hbusekc9@t-online.de,5641828428981912
443,Erminie Combes,193 Westridge Avenue,740-941-0836,ecombesca@howstuffworks.com,201951127287531
444,Scottie Eckersley,116 Arizona Street,327-736-2826,seckersleycb@sphinn.com,3574834212052403
445,Pieter McNae,669 Vermont Lane,135-637-3039,pmcnaecc@eventbrite.com,3578438718437526
446,Kirsten Gentner,75 Ryan Place,181-228-7142,kgentnercd@livejournal.com,5523824131888463
447,Arliene Papachristophorou,00 Fisk Center,954-383-3484,apapachristophorouce@over-blog.com,201762601916879
448,Guthry Goare,202 Marquette Lane,392-636-0943,ggoarecf@google.co.jp,6379910423365808
449,Ezequiel Densie,348 Del Sol Place,779-360-3663,edensiecg@netvibes.com,4017951222523901
450,Hayyim De Bruin,95 Annamark Hill,989-923-5880,hdech@bbc.co.uk,3584499559100393
451,Fleming Lorraine,12 Grim Street,666-350-4747,florraineci@si.edu,5020796138285996285
452,Wylie Lyst,50684 Bellgrove Point,163-130-6735,wlystcj@deviantart.com,3546164240169911
453,Krisha Dibble,4 Blaine Circle,154-981-0853,kdibbleck@imageshack.us,5100132918404632
454,Sibyl O' Sullivan,124 Pepper Wood Pass,687-283-9185,socl@princeton.edu,201803555806268
455,Rachael Brevitt,25 Lukken Drive,102-348-9462,rbrevittcm@google.es,3559859274605821
456,Odey Rangall,23472 Farragut Drive,593-134-7493,orangallcn@hhs.gov,3535160251431102
457,Park Kirmond,4648 Brickson Park Point,818-589-8070,pkirmondco@pcworld.com,4041375902988
458,Mathilda Yakovich,8 Erie Plaza,574-264-9864,myakovichcp@scribd.com,4844728623025606
459,Meade Adcocks,5 Glacier Hill Terrace,857-270-8642,madcockscq@skype.com,6762000358697477
460,Armando Shalliker,68 Sommers Parkway,854-517-1066,ashallikercr@cocolog-nifty.com,3531866673926438
461,Minnaminnie Pichan,936 Acker Drive,425-592-2415,mpichancs@ted.com,561005830800984029
462,Brietta Iacomelli,4712 Green Way,941-622-1150,biacomellict@netscape.com,6759325989772570
463,Donavon Cooling,02 Rusk Place,442-281-1386,dcoolingcu@skyrock.com,30478392728483
464,Raff Epelett,0 Village Crossing,302-537-2401,repelettcv@netscape.com,490344063675938456
465,Lib McLagain,04816 Spaight Way,367-847-6408,lmclagaincw@multiply.com,670970765890405198
466,Florina Rappa,7995 Karstens Center,458-163-2373,frappacx@msu.edu,4041378893087885
467,Jo-anne Rubinivitz,7901 Debs Hill,351-903-3244,jrubinivitzcy@netscape.com,5454967446238487
468,Edi Grigoriev,5695 Menomonie Park,664-515-1295,egrigorievcz@ocn.ne.jp,3565527538361927
469,Neala McMullen,32 Meadow Valley Plaza,996-734-0596,nmcmullend0@yellowpages.com,6376117084243299
470,Consalve Booty,0173 Randy Lane,104-772-7982,cbootyd1@umich.edu,676143663109432443
471,Jemie Fuzzey,4955 Park Meadow Alley,887-434-1389,jfuzzeyd2@webs.com,6761991454299164591
472,Farris Ashbrook,763 Ridge Oak Junction,811-490-4649,fashbrookd3@phoca.cz,677156344057748229
473,Shelbi Thowless,80 Sherman Street,386-385-1889,sthowlessd4@howstuffworks.com,3588926940077142
474,Kalila Duddle,772 Troy Terrace,788-114-3373,kduddled5@addtoany.com,4917536503793843
475,Stirling Minnette,915 Fieldstone Park,716-513-8874,sminnetted6@indiatimes.com,3581030846202529
476,Kylynn Cockroft,22347 Graedel Pass,212-438-4849,kcockroftd7@printfriendly.com,4041372058545
477,Roselle Switzer,99 Ronald Regan Drive,282-881-2264,rswitzerd8@alibaba.com,5602241996147568
478,Kiele Guerner,67 Warner Circle,702-186-1895,kguernerd9@yellowbook.com,4041598902881412
479,Odette Blight,5 Morrow Drive,279-490-3009,oblightda@discovery.com,3553355186718535
480,Jonis Sydney,80 Clarendon Avenue,690-636-0690,jsydneydb@thetimes.co.uk,56022237317581555
481,Rubi Creasy,91 Harper Court,478-359-7441,rcreasydc@springer.com,344856493756597
482,Gennifer Daviot,88968 Bultman Court,790-385-0058,gdaviotdd@jalbum.net,30037993579909
483,Elbertina Lazarus,1174 Laurel Way,884-217-8950,elazarusde@miibeian.gov.cn,5602242328262257
484,Hillary Esson,3 Lyons Street,485-550-5726,hessondf@hostgator.com,3533113531443563
485,Shelbi Royce,1 Valley Edge Junction,328-179-7085,sroycedg@bloomberg.com,3560704756018985
486,Kalle Carlsen,07 Esch Terrace,651-275-9385,kcarlsendh@loc.gov,374622598174471
487,Saunderson Halms,50353 Moose Pass,114-979-3524,shalmsdi@japanpost.jp,3575014730777786
488,Kearney Kesper,43 Moose Way,332-956-0064,kkesperdj@edublogs.org,0604833096691633
489,Charis Joutapaitis,34 Hanson Hill,468-652-5354,cjoutapaitisdk@360.cn,3531108355668362
490,Brander Siddaley,76040 Vidon Court,551-820-8696,bsiddaleydl@umn.edu,30543023007225
491,Byrom Murrum,615 Doe Crossing Terrace,738-759-9619,bmurrumdm@shinystat.com,670945656254223537
492,Shir Spradbery,4400 Kings Drive,320-597-2246,sspradberydn@apache.org,36994646814717
493,Lynne Bow,38 Springs Park,720-385-7130,lbowdo@goo.gl,5007663525389653
494,Aurea Hughlock,430 Lighthouse Bay Point,303-159-8096,ahughlockdp@elpais.com,3588118083877799
495,Nancey Gotfrey,36 Iowa Drive,878-110-9112,ngotfreydq@de.vu,3577033475471189
496,Inglis Clee,93 Autumn Leaf Parkway,858-914-4568,icleedr@xinhuanet.com,3534668654750507
497,Nathalie Fowlds,4 Toban Point,208-700-6834,nfowldsds@flickr.com,3528450657868356
498,Ida Arndell,92 Bartelt Trail,327-669-3793,iarndelldt@businesswire.com,337941488789529
499,Saba Haselwood,733 Logan Trail,169-687-1046,shaselwooddu@ftc.gov,3552440271179248
500,Leigh De la Barre,364 Armistice Plaza,407-373-6295,ldedv@senate.gov,6333150288133794
501,Annelise O' Sullivan,2152 Montana Street,661-346-7633,aodw@canalblog.com,5271850192233384
502,Herrick Sibun,26 Sloan Pass,623-684-5211,hsibundx@list-manage.com,3574870697270474
503,Shanda Kynton,2 Evergreen Plaza,837-241-1812,skyntondy@wisc.edu,3568415815768229
504,Katharyn Messager,0 Fairview Place,290-972-3709,kmessagerdz@1und1.de,6381859507981541
505,Kaylil Arnaez,0929 Utah Street,755-185-9824,karnaeze0@jiathis.com,3551670944714002
506,Juliane Cleare,8 Ridgeway Center,284-690-1391,jclearee1@rakuten.co.jp,5610321830086859850
507,Kim Stihl,53 Jackson Circle,797-246-8886,kstihle2@edublogs.org,4936207980045934028
508,Reggie Skeat,91079 Merrick Trail,260-573-0910,rskeate3@studiopress.com,3568674217675909
509,Calypso Gittis,99051 Butterfield Terrace,363-783-2374,cgittise4@cam.ac.uk,3556056225313083
510,Melisande Brooksbie,484 Laurel Hill,320-695-3874,mbrooksbiee5@nyu.edu,560223513123862431
511,Marigold Leese,903 Ruskin Way,855-836-0910,mleesee6@ask.com,3587720350282529
512,Cymbre Minghi,5714 Westport Pass,879-960-8181,cminghie7@auda.org.au,4405377321690831
513,Harmonie Mussotti,38 Oriole Crossing,520-374-6882,hmussottie8@lulu.com,5108753556652653
514,Becky Brearley,367 Laurel Park,392-849-5312,bbrearleye9@discuz.net,560223185141303043
515,Eddie McGerr,48 Steensland Plaza,133-459-8952,emcgerrea@ifeng.com,0604107158715246
516,Eustace Nicklinson,90894 Daystar Pass,892-629-8885,enicklinsoneb@github.com,6304234276129350199
517,Arron Oneil,4 Shopko Place,943-172-1644,aoneilec@oaic.gov.au,5405530759288786
518,Ardella Marzella,57657 Oak Junction,766-371-2466,amarzellaed@biblegateway.com,3585074595274848
519,Wernher Mueller,68588 Heffernan Alley,244-835-9183,wmuelleree@google.ru,3540243125552031
520,Myranda Medforth,301 Corry Road,191-661-3751,mmedforthef@naver.com,6331106388038285
521,Rriocard Craydon,2949 Arkansas Pass,426-839-4556,rcraydoneg@moonfruit.com,5602234435556523
522,Cordie Campione,73 Coolidge Drive,946-433-2704,ccampioneeh@ebay.co.uk,06046870783689325
523,Francisco Haldenby,063 Tony Circle,183-525-4283,fhaldenbyei@nydailynews.com,30472789452468
524,Valentina Farris,4 Oxford Crossing,870-230-2511,vfarrisej@posterous.com,3531301400165852
525,Roana Pheasey,4789 Stuart Trail,181-658-2746,rpheaseyek@over-blog.com,676273164880321287
526,Mose Bonevant,1317 Columbus Drive,731-364-7011,mbonevantel@liveinternet.ru,3545356756856029
527,Leonelle Plaskett,83 Southridge Terrace,441-967-1699,lplaskettem@google.com.hk,3532570022019544
528,Gwenette Battison,1532 Armistice Road,855-469-2403,gbattisonen@dion.ne.jp,3528735070161102
529,Bettine Fontell,7 Sunfield Terrace,656-254-3054,bfontelleo@cam.ac.uk,342351305531612
530,Mike Tinn,6296 Prentice Drive,845-517-8056,mtinnep@simplemachines.org,5108753353690120
531,Sherman Teliga,60 Monterey Way,514-502-0296,steligaeq@nifty.com,5018733523146673
532,Virginie Mathewes,8 Granby Junction,880-644-4362,vmatheweser@narod.ru,3551971934905281
533,Waylin Ropking,1 Esker Circle,676-289-5348,wropkinges@aboutads.info,374283072457138
534,Torrey O'Sheils,754 Sugar Terrace,906-733-5623,tosheilset@plala.or.jp,3545102427039862
535,Dody Trengrouse,679 Dexter Drive,227-923-7524,dtrengrouseeu@amazon.de,3539857623973945
536,Idelle Goldney,60 Twin Pines Way,101-179-1213,igoldneyev@walmart.com,3554454405573075
537,Bryanty Bridgwater,79030 Lunder Terrace,618-951-4215,bbridgwaterew@issuu.com,3555489305765529
538,Talbot Record,3926 Charing Cross Way,759-254-6207,trecordex@webnode.com,3560037120569452
539,Galven Kampshell,41 Pond Road,784-835-4452,gkampshelley@dmoz.org,3582427711018031
540,Benoite Gerrit,64493 Kinsman Alley,642-800-3802,bgerritez@eepurl.com,4905418147079964475
541,Chance Monro,03 Killdeer Alley,979-377-7201,cmonrof0@bluehost.com,3585895738757285
542,Ginni Nend,77140 Di Loreto Avenue,472-453-8292,gnendf1@drupal.org,67613584825133946
543,Nicoli Stubbin,8997 Cherokee Crossing,177-823-9924,nstubbinf2@chronoengine.com,30031377049746
544,Gayleen Outerbridge,6383 Spaight Crossing,885-788-7419,gouterbridgef3@nih.gov,3551240216381375
545,Randene Kirsop,626 Artisan Center,999-119-3737,rkirsopf4@weather.com,4041373557370
546,Aristotle Rothon,9 Armistice Hill,449-946-7427,arothonf5@nymag.com,6706062044700958548
547,Guinna Unitt,69589 Corben Avenue,881-750-7727,gunittf6@netlog.com,4844170728160329
548,Debbi Pidgeley,953 Loftsgordon Road,220-529-1762,dpidgeleyf7@google.ru,3533281324090147
549,Gypsy Arpur,383 Menomonie Trail,428-504-7495,garpurf8@cloudflare.com,5610595339900078
550,Bess Lambeth,59276 Graedel Crossing,793-889-7058,blambethf9@amazon.de,3585770322555389
551,Bruce Orpwood,1 Barnett Hill,339-331-9458,borpwoodfa@illinois.edu,5010122699282736
552,Lazare McEntegart,02 4th Crossing,448-616-9524,lmcentegartfb@wiley.com,4175003198189040
553,Anjanette Trew,41 Algoma Trail,535-517-7866,atrewfc@addtoany.com,4903205959175728212
554,Celinka Vannar,826 Springs Point,240-723-4973,cvannarfd@ocn.ne.jp,6762011703216860069
555,Mariele Van Son,8135 Westridge Terrace,349-118-8178,mvanfe@cloudflare.com,670915054673572708
556,Edmund Loughman,14 Vera Plaza,135-817-1893,eloughmanff@cnet.com,67613870564414393
557,Mallory O'Hearn,885 Ramsey Avenue,917-841-1228,mohearnfg@storify.com,3551658743829915
558,Elianore Geillier,61 Michigan Trail,605-125-5970,egeillierfh@over-blog.com,374283458986411
559,Hewie Wrightam,0869 Talmadge Park,122-399-7033,hwrightamfi@sina.com.cn,3585864236905481
560,Mahmoud Haxell,0 Amoth Way,732-453-8886,mhaxellfj@walmart.com,374283746410315
561,Donielle Josefsson,4428 Center Circle,474-213-0110,djosefssonfk@networksolutions.com,3588284958752010
562,Putnem Humes,46490 Main Alley,487-559-2267,phumesfl@comsenz.com,5578006714337043
563,Didi Fassan,15 Ryan Crossing,131-771-5471,dfassanfm@house.gov,374622851592880
564,Ulberto Milward,0899 Magdeline Place,365-449-5390,umilwardfn@desdev.cn,3562004165783958
565,Johannes Vanyutin,381 Valley Edge Plaza,790-120-7245,jvanyutinfo@w3.org,3550346311921287
566,Cleon Kehir,38 Crescent Oaks Hill,589-166-2207,ckehirfp@mozilla.org,3568621707672995
567,Shela Prestidge,10 Granby Park,550-527-5779,sprestidgefq@nba.com,4508056437005532
568,Amery Pabelik,0098 Brickson Park Way,586-552-4025,apabelikfr@yandex.ru,374283010705010
569,Gale Mawne,615 Onsgard Park,973-358-1725,gmawnefs@biblegateway.com,5641824505718505231
570,Giraud Woloschinski,14649 Superior Pass,465-298-1513,gwoloschinskift@discovery.com,337941747980760
571,Alicia Espinazo,88370 Fordem Terrace,148-830-4980,aespinazofu@fastcompany.com,30088978862810
572,Sammy Harnett,84756 Randy Parkway,942-105-4729,sharnettfv@netscape.com,3562994296343799
573,Sadella Lidierth,13269 Loomis Center,956-162-9118,slidierthfw@trellian.com,3579881611938174
574,Vale Extill,2679 David Way,832-193-5113,vextillfx@answers.com,58935611980117156
575,Willem Oloshkin,6772 Texas Alley,101-620-2698,woloshkinfy@parallels.com,30415512105564
576,Claribel Thompson,57310 Nevada Avenue,249-326-5418,cthompsonfz@noaa.gov,3586210840501531
577,Barnabe Rabbe,4178 Dayton Terrace,901-540-6151,brabbeg0@foxnews.com,30018609442690
578,Berthe McGarvey,0121 Ramsey Avenue,752-369-0694,bmcgarveyg1@walmart.com,5602235717529260
579,Tierney Fice,728 Harper Point,948-732-0621,tficeg2@reuters.com,56022448640451826
580,Foss Paur,65492 Mayfield Way,703-937-3363,fpaurg3@zimbio.com,3562433837596151
581,Jacky Pennyman,7 Artisan Court,987-263-6998,jpennymang4@plala.or.jp,6399918242503141
582,Elenore Berg,249 Surrey Road,678-703-0774,ebergg5@printfriendly.com,5258385134770372
583,Cindi Burborough,0 Ryan Lane,410-143-6305,cburboroughg6@sbwire.com,3569863532389275
584,Sydney Counsell,689 Logan Road,226-306-3698,scounsellg7@techcrunch.com,5100133886249728
585,Genvieve Malster,1506 Meadow Ridge Avenue,876-242-3453,gmalsterg8@infoseek.co.jp,5602234800965697
586,Domeniga Dunthorn,364 Bonner Pass,146-319-8618,ddunthorng9@ocn.ne.jp,5100173703849698
587,Romona Chmarny,9 Glacier Hill Crossing,303-375-8926,rchmarnyga@foxnews.com,3584667339902177
588,Erwin Whiteman,296 Anniversary Place,225-605-4443,ewhitemangb@infoseek.co.jp,3557521828232013
589,Linet Paggitt,9 Superior Parkway,957-713-1793,lpaggittgc@wp.com,676321230027219957
590,Webb Mochar,95 Laurel Lane,955-448-9329,wmochargd@umn.edu,3531544171335531
591,Alvis Waldera,70387 Sheridan Junction,952-261-3425,awalderage@yellowbook.com,5529348470118526
592,Merrielle Blunkett,6 Holy Cross Trail,669-397-8591,mblunkettgf@infoseek.co.jp,633381389727275400
593,Vinny Basterfield,658 John Wall Crossing,663-363-6622,vbasterfieldgg@dagondesign.com,6709990726516951
594,Madge Dibson,666 Lotheville Alley,324-247-4828,mdibsongh@shutterfly.com,3583154152386227
595,Sandro Denisovich,78699 Truax Point,623-581-8231,sdenisovichgi@dropbox.com,3584527915170559
596,Rice Enrich,91 Browning Center,893-202-9356,renrichgj@parallels.com,6379912619179860
597,Martynne Cattermole,4 Saint Paul Lane,709-811-5214,mcattermolegk@state.gov,4844401962675718
598,Annissa Angeli,907 Towne Circle,289-266-5115,aangeligl@com.com,4041592174254
599,Taylor MacNess,9 Raven Drive,448-193-5125,tmacnessgm@google.com.hk,677135601497086155
600,Selby Netting,56088 Hallows Drive,735-150-2595,snettinggn@nydailynews.com,30499470647718
601,Pen O'Kuddyhy,3 Shopko Hill,197-775-3892,pokuddyhygo@wp.com,3560268264767442
602,Alaster Flaxman,8 North Drive,918-502-8475,aflaxmangp@ucsd.edu,56103995251060967
603,Kelsy Knapp,161 Loomis Plaza,254-792-7107,kknappgq@uol.com.br,3566902976083425
604,Arthur Adrienne,091 Hallows Pass,843-246-0831,aadriennegr@nytimes.com,4508857597470469
605,Ranna Pulham,05 Northview Terrace,615-621-4388,rpulhamgs@independent.co.uk,3582718704542601
606,Tann Cabedo,54346 Lukken Alley,138-726-6356,tcabedogt@china.com.cn,201601147530085
607,Sylvia Crockatt,50 Shoshone Crossing,962-748-5053,scrockattgu@wikipedia.org,3550884194742511
608,Ruperto Zoephel,1 Havey Crossing,538-542-2243,rzoephelgv@dailymail.co.uk,5610149460333681
609,Debora Coweuppe,7248 Mosinee Circle,581-559-5150,dcoweuppegw@pcworld.com,5602257809554216483
610,Farr Bortol,1660 David Circle,236-599-4592,fbortolgx@gizmodo.com,4911788718235563581
611,Zelma McCafferky,5315 Banding Street,154-381-2034,zmccafferkygy@bluehost.com,3553847903431129
612,Simmonds Pirrey,91 Farragut Place,958-743-9284,spirreygz@exblog.jp,5458727522110588
613,Franchot Standing,71315 Kings Trail,364-391-9017,fstandingh0@timesonline.co.uk,3551669479876947
614,Randi Seabert,5467 Pleasure Court,621-366-2387,rseaberth1@craigslist.org,201450258092968
615,Vernon Wrightem,3 Caliangt Parkway,739-373-6326,vwrightemh2@dagondesign.com,3554896696826077
616,Laney Culligan,9533 Dakota Street,365-284-0404,lculliganh3@hc360.com,3552591867442653
617,Kissie Middlemiss,3139 Washington Court,704-526-7464,kmiddlemissh4@hao123.com,3586502376300258
618,Cody Draude,45 Knutson Road,283-451-4686,cdraudeh5@salon.com,201782435584065
619,Delano Lahive,4 Graceland Street,196-771-1851,dlahiveh6@usnews.com,3572277610209435
620,Cyrill Tidgewell,6 Fisk Junction,599-365-4238,ctidgewellh7@narod.ru,3536536899922835
621,Michail Kollach,0 Vernon Plaza,739-767-3367,mkollachh8@netvibes.com,3562624646171422
622,Sebastien Killen,1 Hovde Parkway,806-433-7560,skillenh9@webmd.com,6771569828020410
623,Kendal Andriesse,82087 Katie Trail,959-508-3344,kandriesseha@omniture.com,67719470639595244
624,Lorrie Janecek,93066 Carpenter Park,930-456-8256,ljanecekhb@alexa.com,30408710264283
625,Bernita Fayerbrother,2057 Bartillon Plaza,728-600-0715,bfayerbrotherhc@posterous.com,374622065018094
626,Pennie Diboll,56 Waubesa Park,371-361-4508,pdibollhd@nba.com,4026645320922911
627,Myriam Franzolini,57196 Fisk Plaza,461-375-7829,mfranzolinihe@ask.com,374288659834104
628,Neil Jendas,68 David Plaza,781-832-2213,njendashf@epa.gov,3584756957771848
629,Finlay Grealish,20 Rieder Alley,750-441-4797,fgrealishhg@ocn.ne.jp,4041592585110652
630,Brockie Sleith,9157 Reindahl Avenue,249-159-4292,bsleithhh@ebay.co.uk,337941306864314
631,Ophelia Heart,699 Morning Trail,381-764-5887,ohearthi@cornell.edu,3541190433222717
632,Lucias Spenley,3 Nova Alley,249-517-6020,lspenleyhj@posterous.com,6767859241490961240
633,Beverly Earingey,762 Veith Point,338-749-7311,bearingeyhk@seattletimes.com,3585536873286876
634,Lesly Owbrick,6647 Norway Maple Road,131-590-8082,lowbrickhl@themeforest.net,4917263957441940
635,Aubine De Mitris,5611 Lindbergh Lane,680-662-3167,adehm@shareasale.com,3563280825083489
636,Verina Arrol,997 Alpine Avenue,220-627-1992,varrolhn@youtube.com,374622627801755
637,Tersina Nickerson,00397 Shasta Drive,828-188-3393,tnickersonho@ca.gov,30585152387837
638,Rakel MacWilliam,7418 Ludington Court,471-306-9663,rmacwilliamhp@wikispaces.com,3573740394188090
639,Vance Tilburn,4 Center Point,378-276-2988,vtilburnhq@netvibes.com,3535794778733358
640,Gibbie Dugdale,9 Sutherland Junction,797-994-9575,gdugdalehr@paypal.com,3558493450302804
641,Augusto Malitrott,21364 Carioca Center,388-838-3117,amalitrotths@youtube.com,4026322388302218
642,Cindie Walworche,56 Veith Plaza,476-864-7755,cwalworcheht@sphinn.com,5587460424465827
643,Willis Gaish,0 Kings Lane,406-683-4937,wgaishhu@gmpg.org,3568570909022519
644,Hartley McCaughren,45 Carberry Plaza,351-318-3177,hmccaughrenhv@over-blog.com,3568097802077002
645,Emelyne Thorneloe,45 Roth Pass,149-974-8672,ethorneloehw@mit.edu,490546895021982530
646,Sondra Henningham,33776 Charing Cross Park,496-315-4831,shenninghamhx@utexas.edu,4997133458003
647,Bettina Alishoner,7 Canary Avenue,133-807-1983,balishonerhy@gmpg.org,3542831556784368
648,Bo Colleton,068 Lillian Court,125-215-4592,bcolletonhz@hugedomains.com,3564702407203465
649,Chrisse Bromell,315 Dakota Court,215-760-0316,cbromelli0@technorati.com,3562370135604057
650,Cecilius Mosson,55182 Burning Wood Plaza,676-524-8991,cmossoni1@examiner.com,676320963231413864
651,Adrienne Flores,7863 Prairie Rose Drive,747-207-0508,afloresi2@state.gov,3561962907141770
652,Ulrica Hallad,032 Graceland Crossing,796-171-7332,uhalladi3@pen.io,4903576387419665
653,Westley De Ruggiero,18 Troy Plaza,163-170-0106,wdei4@go.com,3547851636798456
654,Hillyer Beardshall,56664 High Crossing Crossing,999-326-4036,hbeardshalli5@upenn.edu,3579722984472021
655,Adriana Ferrarini,92 Ilene Plaza,605-382-4974,aferrarinii6@opera.com,5437499057287100
656,Zena Dowgill,80843 Manufacturers Road,587-723-7666,zdowgilli7@nyu.edu,201483985651608
657,Felizio Quakley,15531 Clove Street,435-256-6664,fquakleyi8@paginegialle.it,3568367610612344
658,Tanya Handlin,258 Walton Terrace,116-902-4001,thandlini9@gizmodo.com,5048373969543994
659,Calla Murford,40 Di Loreto Circle,746-115-1806,cmurfordia@paginegialle.it,560221761440880675
660,Arv Lankham,18 Walton Crossing,262-140-4586,alankhamib@parallels.com,06041971500034319
661,Matthieu Lichfield,8951 Butternut Center,121-458-7831,mlichfieldic@arizona.edu,3568244798633584
662,Annetta Huddleston,40 Corscot Street,746-342-6340,ahuddlestonid@buzzfeed.com,67065768915321957
663,Stanleigh Brittain,071 Cascade Terrace,651-553-9251,sbrittainie@google.com.au,5010126167518687
664,Leland Dougan,84 Glacier Hill Way,425-414-4523,ldouganif@cmu.edu,30450820855717
665,Shir Gresty,09917 Eliot Terrace,234-990-7800,sgrestyig@etsy.com,30204991569163
666,Paule Borell,07574 Dayton Lane,380-459-4820,pborellih@jiathis.com,3553183650244360
667,Ondrea Rayment,791 Prentice Circle,138-506-6044,oraymentii@networksolutions.com,3543937291813526
668,Catlin McGlynn,54 Crownhardt Lane,251-800-4776,cmcglynnij@mapy.cz,3572871373182332
669,Rozalie Conibeer,170 Corben Park,493-783-4500,rconibeerik@yellowpages.com,5551512514705173
670,Harmonia Haste,50 Meadow Vale Lane,150-310-0489,hhasteil@google.fr,5610046900867395863
671,Philippe Jansey,6 Lerdahl Avenue,509-370-0570,pjanseyim@yolasite.com,3542883441827407
672,Filberto Berre,536 Marquette Drive,602-898-7614,fberrein@over-blog.com,3534907821775033
673,Jacqui Kupisz,40056 Cascade Crossing,481-157-8677,jkupiszio@themeforest.net,3571615328127962
674,Thomasa Kenwin,3734 Schmedeman Street,398-409-4327,tkenwinip@eventbrite.com,201489462940497
675,Kendell Cowtherd,9 North Circle,757-194-2652,kcowtherdiq@mysql.com,201471931225122
676,Quinton Ringrose,6688 Hoepker Hill,584-857-7813,qringroseir@feedburner.com,3554041984841617
677,Rochette Lind,49 Clarendon Pass,742-113-7861,rlindis@va.gov,375436465746900
678,Anselm McKeveney,522 Golf View Terrace,741-901-4970,amckeveneyit@yahoo.com,5602233359397500
679,Josh Gaylard,416 Homewood Alley,331-711-1140,jgaylardiu@earthlink.net,3564590267622449
680,Judd Faircley,7 Grasskamp Avenue,304-911-3710,jfaircleyiv@whitehouse.gov,3529211765594444
681,Modestia McNay,9079 Merry Center,239-858-0173,mmcnayiw@telegraph.co.uk,3571059416923406
682,Maighdiln Lief,39 Randy Way,581-537-5342,mliefix@pbs.org,4214125411590671
683,Chelsy Rops,97 Rutledge Point,612-660-7599,cropsiy@g.co,060459831280433895
684,Jermaine Elphey,4921 Farragut Way,385-802-2165,jelpheyiz@instagram.com,374288194101829
685,Joceline Kernley,799 Fairfield Hill,512-347-7697,jkernleyj0@utexas.edu,3533176534381585
686,Mattheus Paintain,689 Kedzie Street,240-863-4113,mpaintainj1@mlb.com,3544382407173045
687,Chris Lauder,22 Division Parkway,428-577-1417,clauderj2@example.com,3544923380430611
688,Essie McNerlin,006 Nancy Pass,920-868-9153,emcnerlinj3@arstechnica.com,36799610910122
689,Sherilyn Mouget,7677 Briar Crest Pass,354-186-8276,smougetj4@msn.com,564182287718230335
690,Patsy Kevis,76 Graedel Parkway,616-210-3392,pkevisj5@reuters.com,30343282031168
691,Iorgos Drable,27298 Kedzie Street,346-421-4970,idrablej6@yelp.com,3589535470000926
692,Budd Milmore,637 Ilene Lane,579-222-1786,bmilmorej7@twitter.com,30093456381788
693,Janine Thompsett,05 Kings Point,796-899-4671,jthompsettj8@netvibes.com,5352793504342752
694,Felike Kibbey,2515 Veith Center,771-720-2123,fkibbeyj9@admin.ch,3542344786714353
695,Nydia Center,2076 Anniversary Plaza,729-131-1917,ncenterja@xing.com,341225990138076
696,Dav Ducker,9077 Basil Park,973-936-9212,dduckerjb@amazon.co.jp,201748792538069
697,Tessy Huggon,9426 Monterey Place,327-613-8992,thuggonjc@booking.com,633378619260803480
698,Cherie Navarro,3484 Raven Lane,661-789-9856,cnavarrojd@noaa.gov,4917175555401250
699,Liuka Davidofski,83945 Summer Ridge Way,220-537-3789,ldavidofskije@google.fr,3565244546179164
700,Pate Rottcher,8870 New Castle Place,752-225-8797,prottcherjf@wired.com,3531608487634612
701,Ragnar Stockwell,63 Erie Way,505-814-5375,rstockwelljg@myspace.com,372158896208440
702,Debby Haughan,7 Quincy Pass,270-166-8982,dhaughanjh@issuu.com,3560484592230231
703,Bette-ann Slograve,82 Esch Place,849-770-5031,bslograveji@facebook.com,3543650698897147
704,Glynnis Knoble,60 Mesta Court,484-732-1314,gknoblejj@people.com.cn,3556082159158682
705,Paulo MacVean,97578 Mesta Crossing,826-744-0510,pmacveanjk@elpais.com,3532566173235293
706,Zilvia Pinilla,632 Leroy Street,982-968-5683,zpinillajl@loc.gov,374288545802869
707,Lamar Findlay,89535 Burning Wood Court,170-544-9615,lfindlayjm@yellowpages.com,3569031492469384
708,Val Gounin,86 Utah Point,500-635-8038,vgouninjn@reuters.com,337941734656175
709,Layne Pike,7328 Kipling Junction,261-457-8647,lpikejo@yahoo.co.jp,30488868453763
710,Kaylee Cootes,1 Calypso Avenue,407-131-2283,kcootesjp@devhub.com,3582008117796105
711,Jody Jirzik,1140 Golf View Way,919-289-7183,jjirzikjq@hud.gov,3545186106775243
712,Cassie Stoyell,95714 Pankratz Plaza,744-184-3570,cstoyelljr@spotify.com,201996582571440
713,Ediva Aldhouse,17472 Westridge Hill,781-111-8048,ealdhousejs@ucoz.com,3543641949106230
714,Eve Logsdail,976 Eliot Road,897-356-8873,elogsdailjt@nba.com,3531743090879831
715,Ansell Codlin,3 Tomscot Place,753-757-0945,acodlinju@cdbaby.com,3535551123635393
716,Carolus Belin,479 Fordem Drive,819-287-4467,cbelinjv@chicagotribune.com,675930506734625932
717,Constancia Gilffilland,31 Morrow Park,387-248-2277,cgilffillandjw@slashdot.org,3556643643118366
718,Aliza Sapp,31020 Mockingbird Crossing,986-501-9447,asappjx@devhub.com,5602216010291725
719,Fayina Bisiker,01 Meadow Ridge Hill,838-378-1635,fbisikerjy@purevolume.com,3587333865854053
720,Cori Selesnick,0270 Vera Circle,164-695-8871,cselesnickjz@google.com.br,3552940123332093
721,Romola Hattoe,38 Hermina Way,243-636-5804,rhattoek0@businessweek.com,3563249966654507
722,Annette Wellan,4505 Raven Lane,803-249-7476,awellank1@sfgate.com,5576852291115191
723,Celene Pietraszek,2652 Autumn Leaf Hill,642-612-7510,cpietraszekk2@flavors.me,6761401850927689723
724,Tyson Hayhoe,1265 7th Park,544-135-1673,thayhoek3@cbslocal.com,4405556810033831
725,Margalo Fairfull,8 Melrose Plaza,881-855-4668,mfairfullk4@jugem.jp,5602228664441233
726,Hayley Dudden,4678 Hanover Parkway,269-923-4226,hduddenk5@ovh.net,4017957779010
727,Vevay Staten,09033 Farmco Lane,448-784-0677,vstatenk6@netlog.com,3571789433544732
728,Udell Syme,654 Badeau Alley,219-680-4850,usymek7@themeforest.net,36045987605410
729,Gabi Dachs,4784 Superior Court,434-726-2798,gdachsk8@dailymotion.com,3572240522383482
730,Sibby Gullam,9215 Lakewood Drive,917-906-8346,sgullamk9@ustream.tv,3568155178102059
731,Aleece Sparshatt,13827 Ronald Regan Hill,208-554-8193,asparshattka@istockphoto.com,4911675819293381
732,Ariela Jurzyk,997 Lillian Street,258-914-1689,ajurzykkb@loc.gov,3586422583150455
733,Derby Kittley,82 Swallow Circle,871-524-0461,dkittleykc@sciencedaily.com,5602259970055177
734,Elsey Sara,6966 Lien Circle,159-145-8718,esarakd@nymag.com,3552475994282614
735,Xenos Filipychev,2 Menomonie Alley,807-597-0371,xfilipychevke@deliciousdays.com,5602214077659405
736,Gaile Laugherane,84 Meadow Vale Drive,430-266-6286,glaugheranekf@sina.com.cn,3547872215928108
737,Maggee Attwoul,951 Arrowood Pass,936-322-5399,mattwoulkg@google.de,564182655600853259
738,Gregory Grewe,228 Dryden Crossing,733-889-5797,ggrewekh@parallels.com,3539759374729510
739,Giustina Mounfield,7888 Rowland Court,964-186-0935,gmounfieldki@scientificamerican.com,3558174635166161
740,Rayner Nelius,34 Rowland Drive,942-138-4510,rneliuskj@utexas.edu,3529673372395038
741,Sanders Arlott,22171 Roxbury Parkway,859-671-0643,sarlottkk@xing.com,5048370550248454
742,Clary Elkington,234 Barby Point,484-417-5650,celkingtonkl@boston.com,3547581154537958
743,Christiane O'Mannion,131 Rutledge Crossing,403-498-8702,comannionkm@usa.gov,3543375650072477
744,Nils Mithun,1 Monica Terrace,940-844-1757,nmithunkn@springer.com,676729738769257736
745,Hana Kilpatrick,1 Doe Crossing Road,782-219-6283,hkilpatrickko@symantec.com,50187668699850347
746,Berkly Hammersley,71821 Esch Drive,137-138-4765,bhammersleykp@eepurl.com,5485780242806263
747,Matthew Annear,2 Rigney Way,343-578-1744,mannearkq@harvard.edu,3572472053064864
748,Klement Keepe,69851 Melrose Point,541-210-6099,kkeepekr@github.com,670652162710567297
749,Earvin Persent,0 Fuller Place,697-105-9023,epersentks@bbb.org,4911790238797576869
750,Chevy Barbour,280 Northland Center,751-622-4166,cbarbourkt@blog.com,675956183249695732
751,Marcel Ivison,27505 Scott Avenue,399-677-9184,mivisonku@google.com.br,6393905867095541
752,Nick Heller,104 Arrowood Pass,389-968-1994,nhellerkv@github.io,564182892746276125
753,Ellis Stirtle,03 Forest Run Circle,637-864-1206,estirtlekw@pagesperso-orange.fr,374283377568688
754,Wanids Loveguard,137 Mandrake Circle,502-721-3678,wloveguardkx@github.com,30199441083445
755,Willem Kynoch,89 Ridgeway Street,778-911-1584,wkynochky@paypal.com,30534847455732
756,Thatch Ludford,3 Crest Line Parkway,893-262-1324,tludfordkz@epa.gov,4041377813825192
757,Elianora Biernat,6 Cordelia Road,375-518-0367,ebiernatl0@geocities.com,676264567590918351
758,Evie Esome,93 Clyde Gallagher Junction,454-309-9835,eesomel1@latimes.com,6763255122590882677
759,Ruperta Grieg,6154 Macpherson Center,827-779-4321,rgriegl2@fema.gov,30585380114979
760,Darby Gorner,2457 Kennedy Junction,257-760-8814,dgornerl3@wufoo.com,3549531767435585
761,Moira O'Kerin,73 Reinke Crossing,681-748-9616,mokerinl4@godaddy.com,201902483618496
762,Ronica Streeting,881 Buena Vista Park,817-961-0743,rstreetingl5@springer.com,5007660993697781
763,Jeramey Storah,44941 Trailsway Crossing,713-707-3268,jstorahl6@newsvine.com,5002357149269111
764,Biddy Eborn,8975 Maryland Lane,766-598-0281,bebornl7@123-reg.co.uk,4508837472130081
765,Lexy Petyankin,9099 Toban Junction,803-327-7384,lpetyankinl8@thetimes.co.uk,6333553777469696
766,Sindee Aymer,332 Elmside Terrace,732-187-8704,saymerl9@github.com,4026356327085641
767,Chevalier Canham,15718 Gerald Street,644-997-6303,ccanhamla@dyndns.org,3579215406278670
768,Bailey Hackford,9 Twin Pines Crossing,650-754-0347,bhackfordlb@pcworld.com,63048294569453799
769,Rene Klimowski,029 Vidon Parkway,978-351-8857,rklimowskilc@census.gov,5002350491332108
770,Adolphus Mabone,3902 Paget Place,590-126-9198,amaboneld@artisteer.com,675959290696530218
771,Arlin Joscelyne,871 Hayes Plaza,166-294-7318,ajoscelynele@sun.com,3557298327288586
772,Raychel Matusevich,75878 Esch Street,400-111-2929,rmatusevichlf@arstechnica.com,30449811712309
773,Mendy Gookey,934 Cody Drive,703-721-3936,mgookeylg@mayoclinic.com,5209927712067026
774,Tedra Jollands,656 Kedzie Avenue,532-720-3951,tjollandslh@godaddy.com,3571416910729434
775,Reuven Jobling,662 Sycamore Trail,487-518-0104,rjoblingli@si.edu,3548172532570199
776,Cristie Origin,07 Becker Center,893-922-4566,coriginlj@blogtalkradio.com,5610719095651218
777,Desiree Terbeck,66 4th Avenue,619-594-9112,dterbecklk@homestead.com,676294856594596444
778,Irving Burbank,312 Rockefeller Lane,473-383-0148,iburbankll@sfgate.com,6762291845020023
779,Leanora Kitney,19891 Pearson Pass,570-316-1595,lkitneylm@is.gd,337941613343614
780,Arleyne Coytes,992 Oxford Court,185-148-5546,acoytesln@ucoz.ru,3569269664064829
781,Joanie Knights,241 Mayer Parkway,102-167-5267,jknightslo@mail.ru,3549330728047609
782,Cristiano Fleg,7 Packers Circle,855-228-0057,cfleglp@answers.com,201831437095560
783,Muire Tott,2069 Brentwood Alley,292-661-6828,mtottlq@mozilla.org,6759991142120297656
784,Haroun Cater,0 Elgar Alley,212-636-1055,hcaterlr@ifeng.com,3546364830805557
785,Kaia Ovey,16521 Bunting Street,316-263-1334,koveyls@mlb.com,201580949915258
786,Clemmy Vasyanin,390 Sutherland Road,286-813-4783,cvasyaninlt@redcross.org,3554244019449428
787,Yolande Van der Brugge,29701 Steensland Crossing,312-901-8465,yvanlu@guardian.co.uk,3540397609517074
788,Hillyer Church,9678 5th Place,910-930-3443,hchurchlv@blinklist.com,3533408636589017
789,Fay Fosten,96 Hanson Pass,272-570-7612,ffostenlw@shutterfly.com,5255837838820583
790,Reyna Puddefoot,94 Kedzie Center,311-640-1407,rpuddefootlx@washingtonpost.com,5491228734830963
791,Kimberlyn Emmens,96750 2nd Circle,477-577-6994,kemmensly@naver.com,3529113490226112
792,Raina O'Feeney,19311 Mariners Cove Street,839-155-2430,rofeeneylz@jigsy.com,3547979502615676
793,Cahra Frays,55 Prairieview Avenue,746-118-5865,cfraysm0@goo.gl,3571705302277758
794,Vernen Tallman,639 Eastlawn Alley,532-584-3515,vtallmanm1@cdc.gov,3575188602978662
795,Annalee Shoreson,095 Kennedy Way,214-654-1147,ashoresonm2@ifeng.com,3548041883676519
796,Karlan Jacquemy,0763 Holmberg Junction,800-449-3632,kjacquemym3@ted.com,5602212390644591
797,Marijn Dunsire,811 Pawling Hill,159-122-4535,mdunsirem4@rambler.ru,3549589000777239
798,Devin Yeend,5838 Manley Street,801-694-6735,dyeendm5@opensource.org,3575711868010837
799,Gris Daborne,52969 7th Circle,337-891-4448,gdabornem6@booking.com,5038418447728513544
800,Babbie Norsworthy,5753 Dorton Parkway,172-253-1931,bnorsworthym7@sciencedaily.com,5602242270915845
801,Constantine Gethings,0319 Leroy Trail,915-707-7411,cgethingsm8@rambler.ru,6334852217915519
802,Cindi Soitoux,383 Milwaukee Street,107-750-5905,csoitouxm9@ning.com,3534088590226001
803,Raynor Walley,6 Cambridge Alley,403-937-8386,rwalleyma@pinterest.com,3564138455332494
804,Redd Maldin,426 Chive Avenue,760-408-3574,rmaldinmb@businesswire.com,3586652023424470
805,Julissa Davenall,54 Elmside Parkway,268-509-6985,jdavenallmc@microsoft.com,201481872895478
806,Hilde Falcus,1 Quincy Park,558-118-2024,hfalcusmd@networksolutions.com,3583600924173384
807,Carleen Dayce,5 Spohn Crossing,930-169-6568,cdayceme@army.mil,630415209373560424
808,Leslie Dorset,0376 Kedzie Pass,211-956-6859,ldorsetmf@privacy.gov.au,58931435259545515
809,Tania Gunderson,573 Manufacturers Alley,729-211-0704,tgundersonmg@ycombinator.com,3544685040734399
810,Lora Jeckells,5 Barby Plaza,162-323-9930,ljeckellsmh@vinaora.com,5602253202552186540
811,Fanny Bugge,1 Packers Drive,794-441-8659,fbuggemi@tripadvisor.com,3546110021710910
812,Ax Colnet,73704 Arizona Crossing,960-626-5977,acolnetmj@yahoo.co.jp,3587748244956958
813,Jaine Iohananof,46 Westridge Hill,202-290-5060,jiohananofmk@reference.com,4017951124715787
814,Gerrie Wilmington,25 Southridge Avenue,917-201-4867,gwilmingtonml@mapquest.com,5100144796942575
815,Bank Rigmand,9 Scoville Avenue,883-405-9445,brigmandmm@indiegogo.com,633461554303781682
816,Anne Kiefer,93 Portage Hill,666-653-3768,akiefermn@nature.com,5602255069275885734
817,Elli Lambertazzi,5 Packers Circle,263-665-8274,elambertazzimo@istockphoto.com,3546886091744471
818,Jasmin Nickerson,88904 Heath Lane,246-414-8798,jnickersonmp@nasa.gov,56022499851551333
819,Tine Wiggington,268 Melody Street,508-944-5487,twiggingtonmq@printfriendly.com,3557698749979037
820,Karlik Bazely,21 Corben Alley,560-113-8143,kbazelymr@spiegel.de,4913563769653010
821,Claudianus Dowdell,49 Esch Junction,545-555-0130,cdowdellms@techcrunch.com,6759086214072612
822,Arlen Bielfeldt,68939 3rd Pass,263-943-7937,abielfeldtmt@globo.com,6767253495857703
823,Deane Statham,43 Del Sol Lane,252-202-7925,dstathammu@chronoengine.com,6304970315708788
824,Torr Bibby,2 Upham Trail,584-802-7715,tbibbymv@hc360.com,3584608856437833
825,Chariot Milnthorpe,19629 West Junction,947-788-0491,cmilnthorpemw@cloudflare.com,6386483033828897
826,Jacynth Adamides,6777 Lindbergh Road,641-792-6883,jadamidesmx@foxnews.com,3532464109628783
827,Alfred Mannagh,8 Marcy Alley,311-310-2973,amannaghmy@ovh.net,560222955968179317
828,Melinda Boles,4382 Straubel Drive,662-600-2436,mbolesmz@indiatimes.com,3528595208380341
829,Charin Biesinger,134 Grayhawk Center,897-969-8499,cbiesingern0@skyrock.com,374283509757829
830,Rayshell Hailston,70 Menomonie Drive,461-941-8390,rhailstonn1@china.com.cn,5893300192513383
831,Biddy Moran,9 Upham Road,689-470-6516,bmorann2@economist.com,30450153079042
832,Jerri Gaskarth,4402 Ridgeway Avenue,290-489-6514,jgaskarthn3@gov.uk,3532017244116807
833,Ransom Bellew,470 7th Pass,232-151-4158,rbellewn4@mysql.com,3528548205598456
834,Lonnie McGavigan,5 Rusk Circle,730-816-2695,lmcgavigann5@cisco.com,490380149469585598
835,Arabela Burch,325 Mcbride Lane,284-741-3462,aburchn6@amazon.co.uk,4903645044644560203
836,Teri Aymes,04 Bultman Crossing,704-900-0877,taymesn7@forbes.com,201526998920723
837,Donni Daniau,13 Glendale Junction,547-319-1077,ddaniaun8@sphinn.com,3568253709212537
838,Kelwin Meek,11949 Mcguire Trail,697-253-8599,kmeekn9@skyrock.com,3529331984553979
839,Margarethe Peakman,11251 Basil Road,951-786-6330,mpeakmanna@thetimes.co.uk,4913929138988215
840,Garrett Corpes,10287 Columbus Parkway,107-868-7655,gcorpesnb@123-reg.co.uk,4405162749324209
841,Langsdon Nixon,5519 Northview Terrace,887-741-6579,lnixonnc@biglobe.ne.jp,5101369927091591
842,Myca Geerits,80955 Roth Terrace,419-400-5051,mgeeritsnd@ovh.net,5100140794473498
843,Sherry Symmons,54679 Sherman Parkway,419-678-5998,ssymmonsne@google.ru,502069533866667887
844,Iris Le Pruvost,5716 Hanson Lane,834-654-7511,ilenf@themeforest.net,3537959553691315
845,Sigismundo Broadberry,32 Lotheville Point,894-171-9778,sbroadberryng@usda.gov,5610383040014475
846,Yorgo Djorvic,362 Talisman Avenue,515-881-2070,ydjorvicnh@joomla.org,3567107750090401
847,Marthe Reimers,479 Little Fleur Alley,232-263-0282,mreimersni@nifty.com,5100146175348902
848,Shay Levick,741 Heath Drive,264-390-1690,slevicknj@nymag.com,3567297026184847
849,Susanna Laminman,5 Ohio Park,265-120-9931,slaminmannk@eepurl.com,5108754928189044
850,Marice Wolland,311 Manitowish Pass,249-751-7048,mwollandnl@phoca.cz,4362979494238495
851,Daryn Egdell,80893 Waywood Junction,681-332-6095,degdellnm@usda.gov,633494100650314593
852,Langston Lammerding,4377 Messerschmidt Point,828-285-4233,llammerdingnn@foxnews.com,5048375291889656
853,Ashly O' Donohoe,37 6th Pass,733-908-7823,aono@ft.com,3553768772195407
854,Kai Forsaith,5247 Hazelcrest Street,884-945-6274,kforsaithnp@furl.net,4913328295269578
855,Berget Flounders,7 Fulton Court,648-358-7676,bfloundersnq@goo.ne.jp,3557245395254495
856,Jamill Tibbetts,3103 Golf Hill,801-498-8461,jtibbettsnr@ebay.co.uk,3564186960786449
857,Gil Chaperlin,0 Monterey Trail,470-909-3337,gchaperlinns@elpais.com,3547280245999729
858,Delainey Dotterill,56 Springs Lane,984-243-1324,ddotterillnt@nature.com,3541336783150079
859,Amerigo Chaff,835 School Circle,594-883-9385,achaffnu@studiopress.com,490507358339663745
860,Maynord Burris,81862 Eastwood Hill,829-547-9663,mburrisnv@soundcloud.com,5602211914314046
861,Guthry Bowle,04 Wayridge Lane,303-216-2435,gbowlenw@google.es,348030246681603
862,Lazaro Itzhaki,8939 Lawn Alley,681-143-2645,litzhakinx@t.co,5602231689763092631
863,Hagen Camp,70822 Division Place,654-861-2888,hcampny@freewebs.com,3584483435547811
864,Neill Anten,7 Havey Trail,313-345-9583,nantennz@mlb.com,50188804775471026
865,Ailee Affuso,564 Sommers Road,880-632-8407,aaffusoo0@nasa.gov,4405285935527754
866,Charmian Kneath,5702 Hanover Alley,252-948-8339,ckneatho1@mysql.com,5610349910475559
867,Aylmer Luciano,7 Meadow Ridge Street,527-179-1069,alucianoo2@usa.gov,3531323202319560
868,Britta Giddins,904 Holmberg Court,498-326-7394,bgiddinso3@utexas.edu,5602240407336075
869,Temple MacDearmont,46740 Jenna Point,556-289-5014,tmacdearmonto4@i2i.jp,3543743148511820
870,Jacquelin Wohlers,228 Messerschmidt Drive,510-496-7751,jwohlerso5@latimes.com,3584990079915062
871,Fallon Fould,8457 Dunning Circle,602-606-0161,ffouldo6@irs.gov,560224329185233067
872,Peria Blacklawe,14537 Elka Street,415-304-4422,pblacklaweo7@constantcontact.com,3582330344088951
873,Eda Wernham,59 Delaware Terrace,407-445-7026,ewernhamo8@g.co,4905844601988861747
874,Amalee Kleehuhler,033 Arapahoe Park,220-777-8642,akleehuhlero9@bing.com,4405696306425008
875,Becka Ucchino,48886 Weeping Birch Parkway,992-450-6791,bucchinooa@clickbank.net,3536675370655520
876,Vonnie Hadgkiss,44 Washington Center,597-365-4307,vhadgkissob@kickstarter.com,5641827801113923583
877,Nannette Gavrieli,98 Schiller Crossing,868-400-7908,ngavrielioc@infoseek.co.jp,3543527278944798
878,Ree Swain,35 Dennis Street,848-444-9424,rswainod@miibeian.gov.cn,3575085568949655
879,Estella McWaters,780 Anzinger Plaza,372-388-1368,emcwatersoe@ted.com,5100149905657931
880,Letta Kelcher,5 Stephen Junction,270-107-2947,lkelcherof@reverbnation.com,3542800180303895
881,Jenine Ennion,444 Crest Line Street,231-983-1494,jennionog@deliciousdays.com,3577259630195450
882,Dore Alton,0187 Tomscot Circle,973-765-5427,daltonoh@goodreads.com,3574987891712745
883,Edith Seeking,40298 Corry Parkway,785-180-6624,eseekingoi@apache.org,5038214550263000
884,Clevey MacCauley,6 Park Meadow Avenue,134-253-1789,cmaccauleyoj@de.vu,3584282750021620
885,Lauri Andrichuk,669 Brentwood Alley,547-996-9899,landrichukok@clickbank.net,5602248366855381
886,Tait Tinman,14 Orin Park,256-662-9439,ttinmanol@cbc.ca,6372134385007350
887,Marget Prescot,08 Messerschmidt Hill,969-307-1840,mprescotom@tripod.com,3579177318328615
888,Arnoldo Lorenzetti,9 Crest Line Way,655-337-2135,alorenzettion@yahoo.com,3543530102750183
889,Arleen Hebbs,7722 Colorado Plaza,749-991-8913,ahebbsoo@google.cn,5002352635042155
890,Willetta Hiley,5 Myrtle Pass,484-546-5502,whileyop@imageshack.us,5602224812596325
891,Grazia Bezley,0 Dexter Way,870-380-5876,gbezleyoq@pcworld.com,3583815970957841
892,Myrle Littlepage,4267 Magdeline Court,556-375-4181,mlittlepageor@dedecms.com,3553184548116158
893,Nellie Pawlicki,296 Lakewood Street,450-925-8828,npawlickios@google.com.br,6381583345775887
894,Weylin Milkin,367 Milwaukee Parkway,128-864-3461,wmilkinot@ask.com,5610123448323593
895,Theodoric Snozzwell,232 Waywood Crossing,295-177-7882,tsnozzwellou@cdbaby.com,5577219042258937
896,Raviv Hulburd,866 Jenna Avenue,413-904-3086,rhulburdov@themeforest.net,3542493252890435
897,Clary Dudney,01 Rigney Junction,170-964-5257,cdudneyow@arstechnica.com,5100148712014336
898,Corena Elliot,978 Center Trail,691-721-0091,celliotox@google.com.br,3570068993417659
899,Licha Edge,681 Gateway Point,168-770-1550,ledgeoy@jigsy.com,30127792134004
900,Dacia Revell,63 Shopko Alley,921-342-2212,drevelloz@blinklist.com,5641827843901877
901,Elfrida Keough,17885 Kinsman Court,668-816-8756,ekeoughp0@mail.ru,676212820448011454
902,Beauregard Gibbeson,9 Namekagon Way,972-631-8844,bgibbesonp1@nifty.com,3581427104811092
903,Tammy Egre,20807 Green Street,719-812-7548,tegrep2@godaddy.com,6386867477944626
904,Pepito Wilkerson,1 Arkansas Court,176-713-8141,pwilkersonp3@ovh.net,6378581671973915
905,Perceval Ambler,386 Bay Crossing,599-780-0551,pamblerp4@walmart.com,3539158054635982
906,Alvina Vedeneev,399 Stoughton Crossing,788-157-4780,avedeneevp5@narod.ru,5007660889900869
907,Gnni Bradly,720 Wayridge Road,171-917-2959,gbradlyp6@ask.com,3530771287545957
908,Marylee Golde,63 Springview Center,938-372-1269,mgoldep7@cbsnews.com,3578663404411291
909,Job Thickett,2555 Express Parkway,220-637-6792,jthickettp8@cisco.com,6387930428323628
910,Nickola McCurlye,46145 Grasskamp Way,428-989-5610,nmccurlyep9@oaic.gov.au,5602232851644252
911,Kipp Dytham,198 Raven Place,363-412-4429,kdythampa@tinyurl.com,3567053545212803
912,Becky Abbati,258 Clove Plaza,121-171-5698,babbatipb@blog.com,6759514291472824019
913,Melva Gurwood,88 Schurz Point,531-214-4362,mgurwoodpc@ow.ly,5108754127978270
914,Pavlov Korejs,12 Duke Drive,325-783-5355,pkorejspd@deliciousdays.com,337941792021148
915,Dion Eaglen,11342 Michigan Avenue,460-815-6404,deaglenpe@mapquest.com,4844393686318685
916,Maire Kalinovich,16 Fulton Center,504-685-7097,mkalinovichpf@smugmug.com,3566398932279555
917,Rosina Smeuin,4094 Victoria Lane,338-283-9967,rsmeuinpg@psu.edu,3580444384239986
918,Jeralee Pigford,992 Jenna Road,691-381-5319,jpigfordph@weebly.com,30210942569798
919,Xenia Eyckelberg,4272 Hollow Ridge Parkway,766-173-1783,xeyckelbergpi@twitpic.com,3552989721924470
920,Deana Prose,83836 Memorial Alley,850-347-9145,dprosepj@japanpost.jp,5002357262420343
921,Marcello Peinke,5318 Kipling Park,756-536-9563,mpeinkepk@123-reg.co.uk,5602252099546259
922,Dion Scramage,96 Corscot Alley,574-237-5234,dscramagepl@blogspot.com,5602210935338471312
923,Cassie Stredder,12 Messerschmidt Drive,115-329-4767,cstredderpm@irs.gov,3537396631586466
924,Isiahi Goskar,17 Vermont Plaza,387-641-5184,igoskarpn@japanpost.jp,67719690223623421
925,Margarete Vineall,54359 Monument Way,598-817-8901,mvineallpo@amazon.co.uk,4844517626641182
926,Jena Aggs,1829 David Hill,785-100-0091,jaggspp@gravatar.com,5020013918744622
927,Zack Westwick,722 Dottie Junction,532-922-9668,zwestwickpq@dmoz.org,5294182372865493
928,Lacey Reyes,76357 Atwood Junction,927-362-4678,lreyespr@drupal.org,4905664330038929
929,Alexandra Bootherstone,5969 Doe Crossing Point,138-270-7330,abootherstoneps@macromedia.com,5610977145550547
930,Freddi Brokenshaw,16951 Loeprich Park,520-785-0044,fbrokenshawpt@state.tx.us,201415640257868
931,Mallory Tulleth,70 Farragut Junction,378-371-0255,mtullethpu@marketwatch.com,3562392671177926
932,Eden Syphas,34 Golf Course Center,881-397-1226,esyphaspv@nytimes.com,4961132093534
933,Kathie Silvermann,77265 Ryan Point,893-199-1707,ksilvermannpw@usa.gov,6771771858716905
934,Smitty Bixley,2 Buell Parkway,179-766-7265,sbixleypx@qq.com,4917073247112833
935,Dorice Simpkin,03477 Gulseth Road,660-728-7800,dsimpkinpy@unicef.org,5108757718498160
936,Crissie Levens,64206 Jenna Court,571-325-4343,clevenspz@nifty.com,4905365458222390
937,Beltran Procter,5 Knutson Place,410-826-2125,bprocterq0@globo.com,3530932640884125
938,Fannie Crombie,76 Hanover Crossing,859-624-0668,fcrombieq1@salon.com,630429102480605568
939,Albertina Edgett,22870 Sutteridge Road,546-810-1546,aedgettq2@cbsnews.com,3529853928210093
940,Gregorio Rutledge,23798 Corry Drive,952-386-7173,grutledgeq3@soundcloud.com,30256306117328
941,Dexter Jeromson,17 1st Trail,305-996-5110,djeromsonq4@vinaora.com,3566482024106304
942,Jarred Huitson,1696 Burning Wood Drive,564-347-9157,jhuitsonq5@flavors.me,3564874071654057
943,Cchaddie MacTeague,6381 Bultman Drive,345-887-9579,cmacteagueq6@aol.com,3534186272820644
944,Twyla Skipping,3590 Fallview Way,213-831-6161,tskippingq7@latimes.com,4844992391621505
945,Danya Kassman,2288 Morrow Hill,653-378-3331,dkassmanq8@deliciousdays.com,6371010432153168
946,Raphaela Krolik,02 Clyde Gallagher Parkway,732-869-2924,rkrolikq9@apache.org,5602248345347989
947,Lamond Bunkle,1248 Village Green Park,488-685-1958,lbunkleqa@cnn.com,6333478714134508389
948,Benedict Bungey,563 Monument Plaza,589-255-6689,bbungeyqb@jimdo.com,3585768443467930
949,Lori Sall,7957 Dapin Park,417-150-9123,lsallqc@hatena.ne.jp,5038907421868127173
950,Ryan O'Cooney,207 Grim Street,189-225-4249,rocooneyqd@gnu.org,30503269450182
951,Kally Urling,3366 Mosinee Lane,397-887-4570,kurlingqe@army.mil,5556688656432571
952,Vick Wallbanks,3 Orin Lane,567-865-9807,vwallbanksqf@geocities.com,3553854684635647
953,Jonie Costin,3264 Laurel Point,794-280-4534,jcostinqg@sohu.com,5602243409299739720
954,Milton Halksworth,7525 Evergreen Way,475-119-7830,mhalksworthqh@earthlink.net,3534917599408097
955,Jaquelyn Messenger,29585 Ronald Regan Plaza,239-704-9603,jmessengerqi@netvibes.com,6382738563142769
956,Taddeo Bridges,62 Sachtjen Plaza,817-116-9477,tbridgesqj@usatoday.com,3543796947946910
957,Zorine Chastan,246 Nevada Street,678-765-1151,zchastanqk@shinystat.com,3531372424844251
958,Eolande Fippe,79807 Schurz Center,527-334-8262,efippeql@house.gov,6377696207952778
959,Caren Merriman,203 Autumn Leaf Court,675-183-9182,cmerrimanqm@wufoo.com,5100131633844866
960,Blair Butterfill,20 Myrtle Point,169-248-8688,bbutterfillqn@bandcamp.com,676256274947589866
961,Donielle Casina,9 Kensington Point,694-628-7751,dcasinaqo@constantcontact.com,3548075222925112
962,Corrinne Maplesden,66720 Anderson Lane,267-164-5120,cmaplesdenqp@xinhuanet.com,3548623866703483
963,Cordy Lowers,48306 Arrowood Pass,947-210-1774,clowersqq@tumblr.com,3586096988067363
964,Philbert Slay,5 Myrtle Plaza,661-492-7669,pslayqr@aboutads.info,3562951842759282
965,Josepha Regelous,588 Towne Street,991-687-3617,jregelousqs@vimeo.com,3537341485309086
966,Cher Ricards,288 Dunning Drive,455-514-6656,cricardsqt@amazon.co.uk,3559752657773888
967,Rebe O'Corhane,93757 Messerschmidt Junction,542-286-4401,rocorhanequ@sakura.ne.jp,4022577754047
968,Vernor Samett,2029 East Pass,410-686-2569,vsamettqv@sciencedirect.com,3551201046872868
969,Austin Denty,3 Gina Way,895-869-6865,adentyqw@ezinearticles.com,6334535628523952
970,Tyson Frisdick,1 Carey Place,205-876-9345,tfrisdickqx@youku.com,4026739954780628
971,Charley Acreman,0010 Village Parkway,512-612-5019,cacremanqy@cocolog-nifty.com,3564344819225602
972,Modesta Sheara,99 8th Place,161-257-6520,mshearaqz@plala.or.jp,201653971106235
973,Northrop Bastin,6 Sullivan Terrace,253-370-6820,nbastinr0@sciencedirect.com,201519236371031
974,Kerry Graalman,2250 Farragut Street,539-453-5474,kgraalmanr1@lycos.com,201558966732202
975,Ida Hargreaves,4245 Carey Point,876-487-0819,ihargreavesr2@forbes.com,30059854117421
976,Redford Menichini,85606 Nova Point,645-734-9644,rmenichinir3@trellian.com,633324394378890515
977,Augie Middlemass,01 Farwell Plaza,377-435-7981,amiddlemassr4@eventbrite.com,6382324364397348
978,Ede Reeken,52 Arkansas Trail,191-470-0263,ereekenr5@tripod.com,4041375086188
979,Raina Eckery,7 Heath Street,670-602-8610,reckeryr6@whitehouse.gov,4503220068475621
980,Eleanor Worlidge,92 Browning Lane,321-115-8077,eworlidger7@1688.com,633110808745434960
981,Rudiger Smelley,8254 Old Shore Place,642-747-8280,rsmelleyr8@washingtonpost.com,3549168127927942
982,Earvin La Vigne,76544 Pond Junction,738-939-4706,elar9@yolasite.com,30068954172657
983,Deena Woltering,42 Kropf Crossing,245-699-6430,dwolteringra@pen.io,5100134798236761
984,Gabriello Killgus,75857 Blackbird Trail,228-632-1132,gkillgusrb@wisc.edu,3529701313607151
985,Rowen Bartak,6570 Nelson Court,382-836-8804,rbartakrc@purevolume.com,3573993665462153
986,Kleon Moppett,2 Meadow Valley Lane,167-241-3100,kmoppettrd@wordpress.org,4936225544903047865
987,Mariele Beadman,20621 Walton Crossing,753-961-2452,mbeadmanre@comcast.net,6370722742186982
988,Patric Harber,77 Eagle Crest Center,540-709-1494,pharberrf@de.vu,3532410272818743
989,Ruthanne Pryde,7133 Delaware Drive,844-630-6895,rpryderg@google.fr,4844538838395029
990,Sheelah Testro,150 Bayside Point,626-587-1738,stestrorh@ibm.com,3588541026189370
991,Noe Tamburi,27497 Loftsgordon Parkway,804-840-8421,ntamburiri@amazon.co.uk,201528267089040
992,Fara Butterfint,06 Monterey Drive,408-872-8376,fbutterfintrj@twitpic.com,3573583533123705
993,Dulcine Reinmar,907 Hoffman Hill,831-911-8405,dreinmarrk@vkontakte.ru,6759391634411667
994,Hilary Guerriero,7567 Di Loreto Crossing,760-995-0610,hguerrierorl@csmonitor.com,630471780192928811
995,Alfons Born,4679 Forster Center,279-684-2883,abornrm@odnoklassniki.ru,6334480566819221
996,Dael Rewbottom,2899 Kedzie Way,986-212-7077,drewbottomrn@phoca.cz,3576149307446586
997,Noam Riddeough,8853 Eastwood Junction,749-634-5435,nriddeoughro@princeton.edu,5610423498818991
998,Taddeo Malkinson,51 Hudson Trail,312-150-0312,tmalkinsonrp@cocolog-nifty.com,5100131729693276
999,Harley Clardge,450 Carey Pass,106-535-4079,hclardgerq@exblog.jp,3549820800272828
1000,Omar Duding,3375 Gale Avenue,206-682-2655,odudingrr@i2i.jp,4175006256846815
1001,Jorge Perez,23 Elm st,5512345678,jorge@correo.com,9839274927492749
